Session Title,"Opioid Overdoses in ED, WA-WY",,
Session Description,ED encountersND-VA by countycount pts with ED diagnosis opioid overdose,,
Session ID,2748530,,
Data Model,ED Encounters,,
Population Base,All ED Encounters,,
Population Criteria Filters: These criteria are a summary and do not fully reflect the content of the exported session.,ED Diagnoses: EDG ICD-10 OPIOID OVERDOSE,State of Residence (U.S.): WA_WY,
Session Date Range,1/1/2023 - 7/17/2025 (Based On Arrival Date),,
Measure,Number of ED Encounters,,
Export User,Stephanie Perniciaro,,
Date of Export,8/8/2025,,
,,,
,,,
,,,Number of ED Encounters
Year,County of Residence,Age at Time of Visit,
Jan 1 – Dec 31 2023,"KING, WA",Less than 18 Years,14
,,≥ 18 and < 45 Years,325
,,≥ 45 and < 65 Years,92
,,65 Years or more,32
,,No value,10 or fewer
,,Total,463
,"MILWAUKEE, WI",Less than 18 Years,10 or fewer
,,≥ 18 and < 45 Years,215
,,≥ 45 and < 65 Years,139
,,65 Years or more,26
,,No value,10 or fewer
,,Total,381
,"CLARK, WA",Less than 18 Years,10 or fewer
,,≥ 18 and < 45 Years,102
,,≥ 45 and < 65 Years,45
,,65 Years or more,10 or fewer
,,No value,10 or fewer
,,Total,157
,"DANE, WI",Less than 18 Years,10 or fewer
,,≥ 18 and < 45 Years,95
,,≥ 45 and < 65 Years,51
,,65 Years or more,10 or fewer
,,No value,10 or fewer
,,Total,159
,"SNOHOMISH, WA",Less than 18 Years,10 or fewer
,,≥ 18 and < 45 Years,64
,,≥ 45 and < 65 Years,29
,,65 Years or more,10 or fewer
,,No value,10 or fewer
,,Total,97
,"BERKELEY, WV",Less than 18 Years,10 or fewer
,,≥ 18 and < 45 Years,50
,,≥ 45 and < 65 Years,27
,,65 Years or more,10 or fewer
,,No value,10 or fewer
,,Total,79
,"BROWN, WI",Less than 18 Years,10 or fewer
,,≥ 18 and < 45 Years,56
,,≥ 45 and < 65 Years,15
,,65 Years or more,10 or fewer
,,No value,10 or fewer
,,Total,79
,"SKAGIT, WA",Less than 18 Years,10 or fewer
,,≥ 18 and < 45 Years,39
,,≥ 45 and < 65 Years,19
,,65 Years or more,10 or fewer
,,No value,10 or fewer
,,Total,63
,"WOOD, WV",Less than 18 Years,10 or fewer
,,≥ 18 and < 45 Years,43
,,≥ 45 and < 65 Years,15
,,65 Years or more,10 or fewer
,,No value,10 or fewer
,,Total,60
,"LA CROSSE, WI",Less than 18 Years,10 or fewer
,,≥ 18 and < 45 Years,44
,,≥ 45 and < 65 Years,12
,,65 Years or more,10 or fewer
,,No value,10 or fewer
,,Total,59
,"MERCER, WV",Less than 18 Years,10 or fewer
,,≥ 18 and < 45 Years,27
,,≥ 45 and < 65 Years,14
,,65 Years or more,10 or fewer
,,No value,10 or fewer
,,Total,43
,"HARRISON, WV",Less than 18 Years,10 or fewer
,,≥ 18 and < 45 Years,22
,,≥ 45 and < 65 Years,11
,,65 Years or more,10 or fewer
,,No value,10 or fewer
,,Total,39
,"OHIO, WV",Less than 18 Years,10 or fewer
,,≥ 18 and < 45 Years,28
,,≥ 45 and < 65 Years,10 or fewer
,,65 Years or more,10 or fewer
,,No value,10 or fewer
,,Total,35
,"PIERCE, WA",Less than 18 Years,10 or fewer
,,≥ 18 and < 45 Years,21
,,≥ 45 and < 65 Years,10 or fewer
,,65 Years or more,10 or fewer
,,No value,10 or fewer
,,Total,29
,"MONONGALIA, WV",Less than 18 Years,10 or fewer
,,≥ 18 and < 45 Years,29
,,≥ 45 and < 65 Years,11
,,65 Years or more,10 or fewer
,,No value,10 or fewer
,,Total,42
,"LARAMIE, WY",Less than 18 Years,10 or fewer
,,≥ 18 and < 45 Years,18
,,≥ 45 and < 65 Years,10 or fewer
,,65 Years or more,10 or fewer
,,No value,10 or fewer
,,Total,22
,"MARION, WV",Less than 18 Years,10 or fewer
,,≥ 18 and < 45 Years,24
,,≥ 45 and < 65 Years,10 or fewer
,,65 Years or more,10 or fewer
,,No value,10 or fewer
,,Total,32
,"WAUKESHA, WI",Less than 18 Years,10 or fewer
,,≥ 18 and < 45 Years,21
,,≥ 45 and < 65 Years,10 or fewer
,,65 Years or more,10 or fewer
,,No value,10 or fewer
,,Total,30
,"KANAWHA, WV",Less than 18 Years,10 or fewer
,,≥ 18 and < 45 Years,10 or fewer
,,≥ 45 and < 65 Years,10 or fewer
,,65 Years or more,10 or fewer
,,No value,10 or fewer
,,Total,10 or fewer
,"WALWORTH, WI",Less than 18 Years,10 or fewer
,,≥ 18 and < 45 Years,20
,,≥ 45 and < 65 Years,10 or fewer
,,65 Years or more,10 or fewer
,,No value,10 or fewer
,,Total,26
,"KENOSHA, WI",Less than 18 Years,10 or fewer
,,≥ 18 and < 45 Years,13
,,≥ 45 and < 65 Years,10 or fewer
,,65 Years or more,10 or fewer
,,No value,10 or fewer
,,Total,24
,"RACINE, WI",Less than 18 Years,10 or fewer
,,≥ 18 and < 45 Years,15
,,≥ 45 and < 65 Years,10 or fewer
,,65 Years or more,10 or fewer
,,No value,10 or fewer
,,Total,27
,"ROCK, WI",Less than 18 Years,10 or fewer
,,≥ 18 and < 45 Years,16
,,≥ 45 and < 65 Years,10 or fewer
,,65 Years or more,10 or fewer
,,No value,10 or fewer
,,Total,20
,"JEFFERSON, WV",Less than 18 Years,10 or fewer
,,≥ 18 and < 45 Years,17
,,≥ 45 and < 65 Years,10 or fewer
,,65 Years or more,10 or fewer
,,No value,10 or fewer
,,Total,23
,"DOUGLAS, WI",Less than 18 Years,10 or fewer
,,≥ 18 and < 45 Years,13
,,≥ 45 and < 65 Years,10 or fewer
,,65 Years or more,10 or fewer
,,No value,10 or fewer
,,Total,22
,"SHEBOYGAN, WI",Less than 18 Years,10 or fewer
,,≥ 18 and < 45 Years,13
,,≥ 45 and < 65 Years,10 or fewer
,,65 Years or more,10 or fewer
,,No value,10 or fewer
,,Total,16
,"MANITOWOC, WI",Less than 18 Years,10 or fewer
,,≥ 18 and < 45 Years,11
,,≥ 45 and < 65 Years,10 or fewer
,,65 Years or more,10 or fewer
,,No value,10 or fewer
,,Total,17
,"WINNEBAGO, WI",Less than 18 Years,10 or fewer
,,≥ 18 and < 45 Years,10 or fewer
,,≥ 45 and < 65 Years,10 or fewer
,,65 Years or more,10 or fewer
,,No value,10 or fewer
,,Total,16
,"COWLITZ, WA",Less than 18 Years,10 or fewer
,,≥ 18 and < 45 Years,13
,,≥ 45 and < 65 Years,10 or fewer
,,65 Years or more,10 or fewer
,,No value,10 or fewer
,,Total,16
,"CHELAN, WA",Less than 18 Years,10 or fewer
,,≥ 18 and < 45 Years,10 or fewer
,,≥ 45 and < 65 Years,10 or fewer
,,65 Years or more,10 or fewer
,,No value,10 or fewer
,,Total,10 or fewer
,"MARSHALL, WV",Less than 18 Years,10 or fewer
,,≥ 18 and < 45 Years,10 or fewer
,,≥ 45 and < 65 Years,10 or fewer
,,65 Years or more,10 or fewer
,,No value,10 or fewer
,,Total,14
,"WASHINGTON, WI",Less than 18 Years,10 or fewer
,,≥ 18 and < 45 Years,13
,,≥ 45 and < 65 Years,10 or fewer
,,65 Years or more,10 or fewer
,,No value,10 or fewer
,,Total,16
,"DOUGLAS, WA",Less than 18 Years,10 or fewer
,,≥ 18 and < 45 Years,10 or fewer
,,≥ 45 and < 65 Years,10 or fewer
,,65 Years or more,10 or fewer
,,No value,10 or fewer
,,Total,10 or fewer
,"HAMPSHIRE, WV",Less than 18 Years,10 or fewer
,,≥ 18 and < 45 Years,10 or fewer
,,≥ 45 and < 65 Years,10 or fewer
,,65 Years or more,10 or fewer
,,No value,10 or fewer
,,Total,10 or fewer
,"OZAUKEE, WI",Less than 18 Years,10 or fewer
,,≥ 18 and < 45 Years,10 or fewer
,,≥ 45 and < 65 Years,10 or fewer
,,65 Years or more,10 or fewer
,,No value,10 or fewer
,,Total,10 or fewer
,"BRAXTON, WV",Less than 18 Years,10 or fewer
,,≥ 18 and < 45 Years,10 or fewer
,,≥ 45 and < 65 Years,10 or fewer
,,65 Years or more,10 or fewer
,,No value,10 or fewer
,,Total,10 or fewer
,"ISLAND, WA",Less than 18 Years,10 or fewer
,,≥ 18 and < 45 Years,10 or fewer
,,≥ 45 and < 65 Years,10 or fewer
,,65 Years or more,10 or fewer
,,No value,10 or fewer
,,Total,10 or fewer
,"UPSHUR, WV",Less than 18 Years,10 or fewer
,,≥ 18 and < 45 Years,10 or fewer
,,≥ 45 and < 65 Years,10 or fewer
,,65 Years or more,10 or fewer
,,No value,10 or fewer
,,Total,10 or fewer
,"MARINETTE, WI",Less than 18 Years,10 or fewer
,,≥ 18 and < 45 Years,10 or fewer
,,≥ 45 and < 65 Years,10 or fewer
,,65 Years or more,10 or fewer
,,No value,10 or fewer
,,Total,10 or fewer
,"MINERAL, WV",Less than 18 Years,10 or fewer
,,≥ 18 and < 45 Years,10 or fewer
,,≥ 45 and < 65 Years,10 or fewer
,,65 Years or more,10 or fewer
,,No value,10 or fewer
,,Total,10 or fewer
,"ADAMS, WI",Less than 18 Years,10 or fewer
,,≥ 18 and < 45 Years,10 or fewer
,,≥ 45 and < 65 Years,10 or fewer
,,65 Years or more,10 or fewer
,,No value,10 or fewer
,,Total,10 or fewer
,"NICHOLAS, WV",Less than 18 Years,10 or fewer
,,≥ 18 and < 45 Years,10 or fewer
,,≥ 45 and < 65 Years,10 or fewer
,,65 Years or more,10 or fewer
,,No value,10 or fewer
,,Total,10 or fewer
,"RITCHIE, WV",Less than 18 Years,10 or fewer
,,≥ 18 and < 45 Years,10 or fewer
,,≥ 45 and < 65 Years,10 or fewer
,,65 Years or more,10 or fewer
,,No value,10 or fewer
,,Total,10 or fewer
,"JEFFERSON, WI",Less than 18 Years,10 or fewer
,,≥ 18 and < 45 Years,10 or fewer
,,≥ 45 and < 65 Years,10 or fewer
,,65 Years or more,10 or fewer
,,No value,10 or fewer
,,Total,10 or fewer
,"COLUMBIA, WI",Less than 18 Years,10 or fewer
,,≥ 18 and < 45 Years,10 or fewer
,,≥ 45 and < 65 Years,10 or fewer
,,65 Years or more,10 or fewer
,,No value,10 or fewer
,,Total,10 or fewer
,"EAU CLAIRE, WI",Less than 18 Years,10 or fewer
,,≥ 18 and < 45 Years,10 or fewer
,,≥ 45 and < 65 Years,10 or fewer
,,65 Years or more,10 or fewer
,,No value,10 or fewer
,,Total,10 or fewer
,"PRESTON, WV",Less than 18 Years,10 or fewer
,,≥ 18 and < 45 Years,10 or fewer
,,≥ 45 and < 65 Years,10 or fewer
,,65 Years or more,10 or fewer
,,No value,10 or fewer
,,Total,10 or fewer
,"THURSTON, WA",Less than 18 Years,10 or fewer
,,≥ 18 and < 45 Years,10 or fewer
,,≥ 45 and < 65 Years,10 or fewer
,,65 Years or more,10 or fewer
,,No value,10 or fewer
,,Total,10 or fewer
,"WHATCOM, WA",Less than 18 Years,10 or fewer
,,≥ 18 and < 45 Years,10 or fewer
,,≥ 45 and < 65 Years,10 or fewer
,,65 Years or more,10 or fewer
,,No value,10 or fewer
,,Total,10 or fewer
,"ALBANY, WY",Less than 18 Years,10 or fewer
,,≥ 18 and < 45 Years,10 or fewer
,,≥ 45 and < 65 Years,10 or fewer
,,65 Years or more,10 or fewer
,,No value,10 or fewer
,,Total,10 or fewer
,"MORGAN, WV",Less than 18 Years,10 or fewer
,,≥ 18 and < 45 Years,10 or fewer
,,≥ 45 and < 65 Years,10 or fewer
,,65 Years or more,10 or fewer
,,No value,10 or fewer
,,Total,10 or fewer
,"OUTAGAMIE, WI",Less than 18 Years,10 or fewer
,,≥ 18 and < 45 Years,10 or fewer
,,≥ 45 and < 65 Years,10 or fewer
,,65 Years or more,10 or fewer
,,No value,10 or fewer
,,Total,10 or fewer
,"CHIPPEWA, WI",Less than 18 Years,10 or fewer
,,≥ 18 and < 45 Years,10 or fewer
,,≥ 45 and < 65 Years,10 or fewer
,,65 Years or more,10 or fewer
,,No value,10 or fewer
,,Total,10 or fewer
,"FOND DU LAC, WI",Less than 18 Years,10 or fewer
,,≥ 18 and < 45 Years,10 or fewer
,,≥ 45 and < 65 Years,10 or fewer
,,65 Years or more,10 or fewer
,,No value,10 or fewer
,,Total,10 or fewer
,"MONROE, WI",Less than 18 Years,10 or fewer
,,≥ 18 and < 45 Years,10 or fewer
,,≥ 45 and < 65 Years,10 or fewer
,,65 Years or more,10 or fewer
,,No value,10 or fewer
,,Total,10 or fewer
,"WETZEL, WV",Less than 18 Years,10 or fewer
,,≥ 18 and < 45 Years,10 or fewer
,,≥ 45 and < 65 Years,10 or fewer
,,65 Years or more,10 or fewer
,,No value,10 or fewer
,,Total,10 or fewer
,"YAKIMA, WA",Less than 18 Years,10 or fewer
,,≥ 18 and < 45 Years,10 or fewer
,,≥ 45 and < 65 Years,10 or fewer
,,65 Years or more,10 or fewer
,,No value,10 or fewer
,,Total,10 or fewer
,"JACKSON, WV",Less than 18 Years,10 or fewer
,,≥ 18 and < 45 Years,10 or fewer
,,≥ 45 and < 65 Years,10 or fewer
,,65 Years or more,10 or fewer
,,No value,10 or fewer
,,Total,10 or fewer
,"KITSAP, WA",Less than 18 Years,10 or fewer
,,≥ 18 and < 45 Years,10 or fewer
,,≥ 45 and < 65 Years,10 or fewer
,,65 Years or more,10 or fewer
,,No value,10 or fewer
,,Total,10 or fewer
,"OCONTO, WI",Less than 18 Years,10 or fewer
,,≥ 18 and < 45 Years,10 or fewer
,,≥ 45 and < 65 Years,10 or fewer
,,65 Years or more,10 or fewer
,,No value,10 or fewer
,,Total,10 or fewer
,"VERNON, WI",Less than 18 Years,10 or fewer
,,≥ 18 and < 45 Years,10 or fewer
,,≥ 45 and < 65 Years,10 or fewer
,,65 Years or more,10 or fewer
,,No value,10 or fewer
,,Total,10 or fewer
,"DODGE, WI",Less than 18 Years,10 or fewer
,,≥ 18 and < 45 Years,10 or fewer
,,≥ 45 and < 65 Years,10 or fewer
,,65 Years or more,10 or fewer
,,No value,10 or fewer
,,Total,10 or fewer
,"GRANT, WV",Less than 18 Years,10 or fewer
,,≥ 18 and < 45 Years,10 or fewer
,,≥ 45 and < 65 Years,10 or fewer
,,65 Years or more,10 or fewer
,,No value,10 or fewer
,,Total,10 or fewer
,"MCDOWELL, WV",Less than 18 Years,10 or fewer
,,≥ 18 and < 45 Years,10 or fewer
,,≥ 45 and < 65 Years,10 or fewer
,,65 Years or more,10 or fewer
,,No value,10 or fewer
,,Total,10 or fewer
,"TREMPEALEAU, WI",Less than 18 Years,10 or fewer
,,≥ 18 and < 45 Years,10 or fewer
,,≥ 45 and < 65 Years,10 or fewer
,,65 Years or more,10 or fewer
,,No value,10 or fewer
,,Total,10 or fewer
,"BROOKE, WV",Less than 18 Years,10 or fewer
,,≥ 18 and < 45 Years,10 or fewer
,,≥ 45 and < 65 Years,10 or fewer
,,65 Years or more,10 or fewer
,,No value,10 or fewer
,,Total,10 or fewer
,"GREEN, WI",Less than 18 Years,10 or fewer
,,≥ 18 and < 45 Years,10 or fewer
,,≥ 45 and < 65 Years,10 or fewer
,,65 Years or more,10 or fewer
,,No value,10 or fewer
,,Total,10 or fewer
,"KEWAUNEE, WI",Less than 18 Years,10 or fewer
,,≥ 18 and < 45 Years,10 or fewer
,,≥ 45 and < 65 Years,10 or fewer
,,65 Years or more,10 or fewer
,,No value,10 or fewer
,,Total,10 or fewer
,"MASON, WA",Less than 18 Years,10 or fewer
,,≥ 18 and < 45 Years,10 or fewer
,,≥ 45 and < 65 Years,10 or fewer
,,65 Years or more,10 or fewer
,,No value,10 or fewer
,,Total,10 or fewer
,"PLEASANTS, WV",Less than 18 Years,10 or fewer
,,≥ 18 and < 45 Years,10 or fewer
,,≥ 45 and < 65 Years,10 or fewer
,,65 Years or more,10 or fewer
,,No value,10 or fewer
,,Total,10 or fewer
,"RALEIGH, WV",Less than 18 Years,10 or fewer
,,≥ 18 and < 45 Years,10 or fewer
,,≥ 45 and < 65 Years,10 or fewer
,,65 Years or more,10 or fewer
,,No value,10 or fewer
,,Total,10 or fewer
,"SAUK, WI",Less than 18 Years,10 or fewer
,,≥ 18 and < 45 Years,10 or fewer
,,≥ 45 and < 65 Years,10 or fewer
,,65 Years or more,10 or fewer
,,No value,10 or fewer
,,Total,10 or fewer
,"DODDRIDGE, WV",Less than 18 Years,10 or fewer
,,≥ 18 and < 45 Years,10 or fewer
,,≥ 45 and < 65 Years,10 or fewer
,,65 Years or more,10 or fewer
,,No value,10 or fewer
,,Total,10 or fewer
,"HARDY, WV",Less than 18 Years,10 or fewer
,,≥ 18 and < 45 Years,10 or fewer
,,≥ 45 and < 65 Years,10 or fewer
,,65 Years or more,10 or fewer
,,No value,10 or fewer
,,Total,10 or fewer
,"JUNEAU, WI",Less than 18 Years,10 or fewer
,,≥ 18 and < 45 Years,10 or fewer
,,≥ 45 and < 65 Years,10 or fewer
,,65 Years or more,10 or fewer
,,No value,10 or fewer
,,Total,10 or fewer
,"LEWIS, WV",Less than 18 Years,10 or fewer
,,≥ 18 and < 45 Years,10 or fewer
,,≥ 45 and < 65 Years,10 or fewer
,,65 Years or more,10 or fewer
,,No value,10 or fewer
,,Total,10 or fewer
,"LINCOLN, WY",Less than 18 Years,10 or fewer
,,≥ 18 and < 45 Years,10 or fewer
,,≥ 45 and < 65 Years,10 or fewer
,,65 Years or more,10 or fewer
,,No value,10 or fewer
,,Total,10 or fewer
,"MARATHON, WI",Less than 18 Years,10 or fewer
,,≥ 18 and < 45 Years,10 or fewer
,,≥ 45 and < 65 Years,10 or fewer
,,65 Years or more,10 or fewer
,,No value,10 or fewer
,,Total,10 or fewer
,"OKANOGAN, WA",Less than 18 Years,10 or fewer
,,≥ 18 and < 45 Years,10 or fewer
,,≥ 45 and < 65 Years,10 or fewer
,,65 Years or more,10 or fewer
,,No value,10 or fewer
,,Total,10 or fewer
,"POLK, WI",Less than 18 Years,10 or fewer
,,≥ 18 and < 45 Years,10 or fewer
,,≥ 45 and < 65 Years,10 or fewer
,,65 Years or more,10 or fewer
,,No value,10 or fewer
,,Total,10 or fewer
,"SAN JUAN, WA",Less than 18 Years,10 or fewer
,,≥ 18 and < 45 Years,10 or fewer
,,≥ 45 and < 65 Years,10 or fewer
,,65 Years or more,10 or fewer
,,No value,10 or fewer
,,Total,10 or fewer
,"SPOKANE, WA",Less than 18 Years,10 or fewer
,,≥ 18 and < 45 Years,10 or fewer
,,≥ 45 and < 65 Years,10 or fewer
,,65 Years or more,10 or fewer
,,No value,10 or fewer
,,Total,10 or fewer
,"WOOD, WI",Less than 18 Years,10 or fewer
,,≥ 18 and < 45 Years,10 or fewer
,,≥ 45 and < 65 Years,10 or fewer
,,65 Years or more,10 or fewer
,,No value,10 or fewer
,,Total,10 or fewer
,"ASHLAND, WI",Less than 18 Years,10 or fewer
,,≥ 18 and < 45 Years,10 or fewer
,,≥ 45 and < 65 Years,10 or fewer
,,65 Years or more,10 or fewer
,,No value,10 or fewer
,,Total,10 or fewer
,"BENTON, WA",Less than 18 Years,10 or fewer
,,≥ 18 and < 45 Years,10 or fewer
,,≥ 45 and < 65 Years,10 or fewer
,,65 Years or more,10 or fewer
,,No value,10 or fewer
,,Total,10 or fewer
,"BURNETT, WI",Less than 18 Years,10 or fewer
,,≥ 18 and < 45 Years,10 or fewer
,,≥ 45 and < 65 Years,10 or fewer
,,65 Years or more,10 or fewer
,,No value,10 or fewer
,,Total,10 or fewer
,"CLARK, WI",Less than 18 Years,10 or fewer
,,≥ 18 and < 45 Years,10 or fewer
,,≥ 45 and < 65 Years,10 or fewer
,,65 Years or more,10 or fewer
,,No value,10 or fewer
,,Total,10 or fewer
,"FAYETTE, WV",Less than 18 Years,10 or fewer
,,≥ 18 and < 45 Years,10 or fewer
,,≥ 45 and < 65 Years,10 or fewer
,,65 Years or more,10 or fewer
,,No value,10 or fewer
,,Total,10 or fewer
,"FOREST, WI",Less than 18 Years,10 or fewer
,,≥ 18 and < 45 Years,10 or fewer
,,≥ 45 and < 65 Years,10 or fewer
,,65 Years or more,10 or fewer
,,No value,10 or fewer
,,Total,10 or fewer
,"GILMER, WV",Less than 18 Years,10 or fewer
,,≥ 18 and < 45 Years,10 or fewer
,,≥ 45 and < 65 Years,10 or fewer
,,65 Years or more,10 or fewer
,,No value,10 or fewer
,,Total,10 or fewer
,"LEWIS, WA",Less than 18 Years,10 or fewer
,,≥ 18 and < 45 Years,10 or fewer
,,≥ 45 and < 65 Years,10 or fewer
,,65 Years or more,10 or fewer
,,No value,10 or fewer
,,Total,10 or fewer
,"NATRONA, WY",Less than 18 Years,10 or fewer
,,≥ 18 and < 45 Years,10 or fewer
,,≥ 45 and < 65 Years,10 or fewer
,,65 Years or more,10 or fewer
,,No value,10 or fewer
,,Total,10 or fewer
,"ONEIDA, WI",Less than 18 Years,10 or fewer
,,≥ 18 and < 45 Years,10 or fewer
,,≥ 45 and < 65 Years,10 or fewer
,,65 Years or more,10 or fewer
,,No value,10 or fewer
,,Total,10 or fewer
,"PACIFIC, WA",Less than 18 Years,10 or fewer
,,≥ 18 and < 45 Years,10 or fewer
,,≥ 45 and < 65 Years,10 or fewer
,,65 Years or more,10 or fewer
,,No value,10 or fewer
,,Total,10 or fewer
,"PORTAGE, WI",Less than 18 Years,10 or fewer
,,≥ 18 and < 45 Years,10 or fewer
,,≥ 45 and < 65 Years,10 or fewer
,,65 Years or more,10 or fewer
,,No value,10 or fewer
,,Total,10 or fewer
,"PUTNAM, WV",Less than 18 Years,10 or fewer
,,≥ 18 and < 45 Years,10 or fewer
,,≥ 45 and < 65 Years,10 or fewer
,,65 Years or more,10 or fewer
,,No value,10 or fewer
,,Total,10 or fewer
,"SAINT CROIX, WI",Less than 18 Years,10 or fewer
,,≥ 18 and < 45 Years,10 or fewer
,,≥ 45 and < 65 Years,10 or fewer
,,65 Years or more,10 or fewer
,,No value,10 or fewer
,,Total,10 or fewer
,"SHAWANO, WI",Less than 18 Years,10 or fewer
,,≥ 18 and < 45 Years,10 or fewer
,,≥ 45 and < 65 Years,10 or fewer
,,65 Years or more,10 or fewer
,,No value,10 or fewer
,,Total,10 or fewer
,"TAYLOR, WV",Less than 18 Years,10 or fewer
,,≥ 18 and < 45 Years,10 or fewer
,,≥ 45 and < 65 Years,10 or fewer
,,65 Years or more,10 or fewer
,,No value,10 or fewer
,,Total,10 or fewer
,"WASHBURN, WI",Less than 18 Years,10 or fewer
,,≥ 18 and < 45 Years,10 or fewer
,,≥ 45 and < 65 Years,10 or fewer
,,65 Years or more,10 or fewer
,,No value,10 or fewer
,,Total,10 or fewer
,"CRAWFORD, WI",Less than 18 Years,10 or fewer
,,≥ 18 and < 45 Years,10 or fewer
,,≥ 45 and < 65 Years,10 or fewer
,,65 Years or more,10 or fewer
,,No value,10 or fewer
,,Total,10 or fewer
,"GRANT, WA",Less than 18 Years,10 or fewer
,,≥ 18 and < 45 Years,10 or fewer
,,≥ 45 and < 65 Years,10 or fewer
,,65 Years or more,10 or fewer
,,No value,10 or fewer
,,Total,10 or fewer
,"GRANT, WI",Less than 18 Years,10 or fewer
,,≥ 18 and < 45 Years,10 or fewer
,,≥ 45 and < 65 Years,10 or fewer
,,65 Years or more,10 or fewer
,,No value,10 or fewer
,,Total,10 or fewer
,"GRAYS HARBOR, WA",Less than 18 Years,10 or fewer
,,≥ 18 and < 45 Years,10 or fewer
,,≥ 45 and < 65 Years,10 or fewer
,,65 Years or more,10 or fewer
,,No value,10 or fewer
,,Total,10 or fewer
,"HANCOCK, WV",Less than 18 Years,10 or fewer
,,≥ 18 and < 45 Years,10 or fewer
,,≥ 45 and < 65 Years,10 or fewer
,,65 Years or more,10 or fewer
,,No value,10 or fewer
,,Total,10 or fewer
,"IRON, WI",Less than 18 Years,10 or fewer
,,≥ 18 and < 45 Years,10 or fewer
,,≥ 45 and < 65 Years,10 or fewer
,,65 Years or more,10 or fewer
,,No value,10 or fewer
,,Total,10 or fewer
,"JACKSON, WI",Less than 18 Years,10 or fewer
,,≥ 18 and < 45 Years,10 or fewer
,,≥ 45 and < 65 Years,10 or fewer
,,65 Years or more,10 or fewer
,,No value,10 or fewer
,,Total,10 or fewer
,"LANGLADE, WI",Less than 18 Years,10 or fewer
,,≥ 18 and < 45 Years,10 or fewer
,,≥ 45 and < 65 Years,10 or fewer
,,65 Years or more,10 or fewer
,,No value,10 or fewer
,,Total,10 or fewer
,"LINCOLN, WV",Less than 18 Years,10 or fewer
,,≥ 18 and < 45 Years,10 or fewer
,,≥ 45 and < 65 Years,10 or fewer
,,65 Years or more,10 or fewer
,,No value,10 or fewer
,,Total,10 or fewer
,"PIERCE, WI",Less than 18 Years,10 or fewer
,,≥ 18 and < 45 Years,10 or fewer
,,≥ 45 and < 65 Years,10 or fewer
,,65 Years or more,10 or fewer
,,No value,10 or fewer
,,Total,10 or fewer
,"RANDOLPH, WV",Less than 18 Years,10 or fewer
,,≥ 18 and < 45 Years,10 or fewer
,,≥ 45 and < 65 Years,10 or fewer
,,65 Years or more,10 or fewer
,,No value,10 or fewer
,,Total,10 or fewer
,"SAWYER, WI",Less than 18 Years,10 or fewer
,,≥ 18 and < 45 Years,10 or fewer
,,≥ 45 and < 65 Years,10 or fewer
,,65 Years or more,10 or fewer
,,No value,10 or fewer
,,Total,10 or fewer
,"TUCKER, WV",Less than 18 Years,10 or fewer
,,≥ 18 and < 45 Years,10 or fewer
,,≥ 45 and < 65 Years,10 or fewer
,,65 Years or more,10 or fewer
,,No value,10 or fewer
,,Total,10 or fewer
,"WAUPACA, WI",Less than 18 Years,10 or fewer
,,≥ 18 and < 45 Years,10 or fewer
,,≥ 45 and < 65 Years,10 or fewer
,,65 Years or more,10 or fewer
,,No value,10 or fewer
,,Total,10 or fewer
,"WAYNE, WV",Less than 18 Years,10 or fewer
,,≥ 18 and < 45 Years,10 or fewer
,,≥ 45 and < 65 Years,10 or fewer
,,65 Years or more,10 or fewer
,,No value,10 or fewer
,,Total,10 or fewer
,"WIRT, WV",Less than 18 Years,10 or fewer
,,≥ 18 and < 45 Years,10 or fewer
,,≥ 45 and < 65 Years,10 or fewer
,,65 Years or more,10 or fewer
,,No value,10 or fewer
,,Total,10 or fewer
,"ASOTIN, WA",Less than 18 Years,10 or fewer
,,≥ 18 and < 45 Years,10 or fewer
,,≥ 45 and < 65 Years,10 or fewer
,,65 Years or more,10 or fewer
,,No value,10 or fewer
,,Total,10 or fewer
,"BARBOUR, WV",Less than 18 Years,10 or fewer
,,≥ 18 and < 45 Years,10 or fewer
,,≥ 45 and < 65 Years,10 or fewer
,,65 Years or more,10 or fewer
,,No value,10 or fewer
,,Total,10 or fewer
,"CALUMET, WI",Less than 18 Years,10 or fewer
,,≥ 18 and < 45 Years,10 or fewer
,,≥ 45 and < 65 Years,10 or fewer
,,65 Years or more,10 or fewer
,,No value,10 or fewer
,,Total,10 or fewer
,"CAMPBELL, WY",Less than 18 Years,10 or fewer
,,≥ 18 and < 45 Years,10 or fewer
,,≥ 45 and < 65 Years,10 or fewer
,,65 Years or more,10 or fewer
,,No value,10 or fewer
,,Total,10 or fewer
,"CARBON, WY",Less than 18 Years,10 or fewer
,,≥ 18 and < 45 Years,10 or fewer
,,≥ 45 and < 65 Years,10 or fewer
,,65 Years or more,10 or fewer
,,No value,10 or fewer
,,Total,10 or fewer
,"CLALLAM, WA",Less than 18 Years,10 or fewer
,,≥ 18 and < 45 Years,10 or fewer
,,≥ 45 and < 65 Years,10 or fewer
,,65 Years or more,10 or fewer
,,No value,10 or fewer
,,Total,10 or fewer
,"CLAY, WV",Less than 18 Years,10 or fewer
,,≥ 18 and < 45 Years,10 or fewer
,,≥ 45 and < 65 Years,10 or fewer
,,65 Years or more,10 or fewer
,,No value,10 or fewer
,,Total,10 or fewer
,"CONVERSE, WY",Less than 18 Years,10 or fewer
,,≥ 18 and < 45 Years,10 or fewer
,,≥ 45 and < 65 Years,10 or fewer
,,65 Years or more,10 or fewer
,,No value,10 or fewer
,,Total,10 or fewer
,"FRANKLIN, WA",Less than 18 Years,10 or fewer
,,≥ 18 and < 45 Years,10 or fewer
,,≥ 45 and < 65 Years,10 or fewer
,,65 Years or more,10 or fewer
,,No value,10 or fewer
,,Total,10 or fewer
,"GOSHEN, WY",Less than 18 Years,10 or fewer
,,≥ 18 and < 45 Years,10 or fewer
,,≥ 45 and < 65 Years,10 or fewer
,,65 Years or more,10 or fewer
,,No value,10 or fewer
,,Total,10 or fewer
,"IOWA, WI",Less than 18 Years,10 or fewer
,,≥ 18 and < 45 Years,10 or fewer
,,≥ 45 and < 65 Years,10 or fewer
,,65 Years or more,10 or fewer
,,No value,10 or fewer
,,Total,10 or fewer
,"JEFFERSON, WA",Less than 18 Years,10 or fewer
,,≥ 18 and < 45 Years,10 or fewer
,,≥ 45 and < 65 Years,10 or fewer
,,65 Years or more,10 or fewer
,,No value,10 or fewer
,,Total,10 or fewer
,"KITTITAS, WA",Less than 18 Years,10 or fewer
,,≥ 18 and < 45 Years,10 or fewer
,,≥ 45 and < 65 Years,10 or fewer
,,65 Years or more,10 or fewer
,,No value,10 or fewer
,,Total,10 or fewer
,"LAFAYETTE, WI",Less than 18 Years,10 or fewer
,,≥ 18 and < 45 Years,10 or fewer
,,≥ 45 and < 65 Years,10 or fewer
,,65 Years or more,10 or fewer
,,No value,10 or fewer
,,Total,10 or fewer
,"LINCOLN, WI",Less than 18 Years,10 or fewer
,,≥ 18 and < 45 Years,10 or fewer
,,≥ 45 and < 65 Years,10 or fewer
,,65 Years or more,10 or fewer
,,No value,10 or fewer
,,Total,10 or fewer
,"LOGAN, WV",Less than 18 Years,10 or fewer
,,≥ 18 and < 45 Years,10 or fewer
,,≥ 45 and < 65 Years,10 or fewer
,,65 Years or more,10 or fewer
,,No value,10 or fewer
,,Total,10 or fewer
,"MENOMINEE, WI",Less than 18 Years,10 or fewer
,,≥ 18 and < 45 Years,10 or fewer
,,≥ 45 and < 65 Years,10 or fewer
,,65 Years or more,10 or fewer
,,No value,10 or fewer
,,Total,10 or fewer
,"MONROE, WV",Less than 18 Years,10 or fewer
,,≥ 18 and < 45 Years,10 or fewer
,,≥ 45 and < 65 Years,10 or fewer
,,65 Years or more,10 or fewer
,,No value,10 or fewer
,,Total,10 or fewer
,"PARK, WY",Less than 18 Years,10 or fewer
,,≥ 18 and < 45 Years,10 or fewer
,,≥ 45 and < 65 Years,10 or fewer
,,65 Years or more,10 or fewer
,,No value,10 or fewer
,,Total,10 or fewer
,"PEND OREILLE, WA",Less than 18 Years,10 or fewer
,,≥ 18 and < 45 Years,10 or fewer
,,≥ 45 and < 65 Years,10 or fewer
,,65 Years or more,10 or fewer
,,No value,10 or fewer
,,Total,10 or fewer
,"PEPIN, WI",Less than 18 Years,10 or fewer
,,≥ 18 and < 45 Years,10 or fewer
,,≥ 45 and < 65 Years,10 or fewer
,,65 Years or more,10 or fewer
,,No value,10 or fewer
,,Total,10 or fewer
,"PLATTE, WY",Less than 18 Years,10 or fewer
,,≥ 18 and < 45 Years,10 or fewer
,,≥ 45 and < 65 Years,10 or fewer
,,65 Years or more,10 or fewer
,,No value,10 or fewer
,,Total,10 or fewer
,"POCAHONTAS, WV",Less than 18 Years,10 or fewer
,,≥ 18 and < 45 Years,10 or fewer
,,≥ 45 and < 65 Years,10 or fewer
,,65 Years or more,10 or fewer
,,No value,10 or fewer
,,Total,10 or fewer
,"ROANE, WV",Less than 18 Years,10 or fewer
,,≥ 18 and < 45 Years,10 or fewer
,,≥ 45 and < 65 Years,10 or fewer
,,65 Years or more,10 or fewer
,,No value,10 or fewer
,,Total,10 or fewer
,"RUSK, WI",Less than 18 Years,10 or fewer
,,≥ 18 and < 45 Years,10 or fewer
,,≥ 45 and < 65 Years,10 or fewer
,,65 Years or more,10 or fewer
,,No value,10 or fewer
,,Total,10 or fewer
,"SKAMANIA, WA",Less than 18 Years,10 or fewer
,,≥ 18 and < 45 Years,10 or fewer
,,≥ 45 and < 65 Years,10 or fewer
,,65 Years or more,10 or fewer
,,No value,10 or fewer
,,Total,10 or fewer
,"STEVENS, WA",Less than 18 Years,10 or fewer
,,≥ 18 and < 45 Years,10 or fewer
,,≥ 45 and < 65 Years,10 or fewer
,,65 Years or more,10 or fewer
,,No value,10 or fewer
,,Total,10 or fewer
,"SUMMERS, WV",Less than 18 Years,10 or fewer
,,≥ 18 and < 45 Years,10 or fewer
,,≥ 45 and < 65 Years,10 or fewer
,,65 Years or more,10 or fewer
,,No value,10 or fewer
,,Total,10 or fewer
,"TYLER, WV",Less than 18 Years,10 or fewer
,,≥ 18 and < 45 Years,10 or fewer
,,≥ 45 and < 65 Years,10 or fewer
,,65 Years or more,10 or fewer
,,No value,10 or fewer
,,Total,10 or fewer
,"WALLA WALLA, WA",Less than 18 Years,10 or fewer
,,≥ 18 and < 45 Years,10 or fewer
,,≥ 45 and < 65 Years,10 or fewer
,,65 Years or more,10 or fewer
,,No value,10 or fewer
,,Total,10 or fewer
,"WASHAKIE, WY",Less than 18 Years,10 or fewer
,,≥ 18 and < 45 Years,10 or fewer
,,≥ 45 and < 65 Years,10 or fewer
,,65 Years or more,10 or fewer
,,No value,10 or fewer
,,Total,10 or fewer
,"WEBSTER, WV",Less than 18 Years,10 or fewer
,,≥ 18 and < 45 Years,10 or fewer
,,≥ 45 and < 65 Years,10 or fewer
,,65 Years or more,10 or fewer
,,No value,10 or fewer
,,Total,10 or fewer
,"WHITMAN, WA",Less than 18 Years,10 or fewer
,,≥ 18 and < 45 Years,10 or fewer
,,≥ 45 and < 65 Years,10 or fewer
,,65 Years or more,10 or fewer
,,No value,10 or fewer
,,Total,10 or fewer
,"WYOMING, WV",Less than 18 Years,10 or fewer
,,≥ 18 and < 45 Years,10 or fewer
,,≥ 45 and < 65 Years,10 or fewer
,,65 Years or more,10 or fewer
,,No value,10 or fewer
,,Total,10 or fewer
,None of the above,Less than 18 Years,10 or fewer
,,≥ 18 and < 45 Years,52
,,≥ 45 and < 65 Years,17
,,65 Years or more,10 or fewer
,,No value,10 or fewer
,,Total,73
,Total,Less than 18 Years,48
,,≥ 18 and < 45 Years,1610
,,≥ 45 and < 65 Years,636
,,65 Years or more,155
,,No value,10 or fewer
,,Total,2449
Jan 1 – Dec 31 2024,"KING, WA",Less than 18 Years,10 or fewer
,,≥ 18 and < 45 Years,234
,,≥ 45 and < 65 Years,105
,,65 Years or more,26
,,No value,10 or fewer
,,Total,369
,"MILWAUKEE, WI",Less than 18 Years,10 or fewer
,,≥ 18 and < 45 Years,162
,,≥ 45 and < 65 Years,93
,,65 Years or more,20
,,No value,10 or fewer
,,Total,276
,"CLARK, WA",Less than 18 Years,10 or fewer
,,≥ 18 and < 45 Years,79
,,≥ 45 and < 65 Years,14
,,65 Years or more,10 or fewer
,,No value,10 or fewer
,,Total,100
,"DANE, WI",Less than 18 Years,10 or fewer
,,≥ 18 and < 45 Years,64
,,≥ 45 and < 65 Years,26
,,65 Years or more,11
,,No value,10 or fewer
,,Total,101
,"SNOHOMISH, WA",Less than 18 Years,10 or fewer
,,≥ 18 and < 45 Years,49
,,≥ 45 and < 65 Years,21
,,65 Years or more,10 or fewer
,,No value,10 or fewer
,,Total,76
,"BERKELEY, WV",Less than 18 Years,10 or fewer
,,≥ 18 and < 45 Years,42
,,≥ 45 and < 65 Years,18
,,65 Years or more,10 or fewer
,,No value,10 or fewer
,,Total,65
,"BROWN, WI",Less than 18 Years,10 or fewer
,,≥ 18 and < 45 Years,31
,,≥ 45 and < 65 Years,10 or fewer
,,65 Years or more,10 or fewer
,,No value,10 or fewer
,,Total,40
,"SKAGIT, WA",Less than 18 Years,10 or fewer
,,≥ 18 and < 45 Years,41
,,≥ 45 and < 65 Years,14
,,65 Years or more,10 or fewer
,,No value,10 or fewer
,,Total,59
,"WOOD, WV",Less than 18 Years,10 or fewer
,,≥ 18 and < 45 Years,25
,,≥ 45 and < 65 Years,10 or fewer
,,65 Years or more,10 or fewer
,,No value,10 or fewer
,,Total,32
,"LA CROSSE, WI",Less than 18 Years,10 or fewer
,,≥ 18 and < 45 Years,23
,,≥ 45 and < 65 Years,10 or fewer
,,65 Years or more,10 or fewer
,,No value,10 or fewer
,,Total,32
,"MERCER, WV",Less than 18 Years,10 or fewer
,,≥ 18 and < 45 Years,16
,,≥ 45 and < 65 Years,16
,,65 Years or more,10 or fewer
,,No value,10 or fewer
,,Total,36
,"HARRISON, WV",Less than 18 Years,10 or fewer
,,≥ 18 and < 45 Years,12
,,≥ 45 and < 65 Years,10 or fewer
,,65 Years or more,10 or fewer
,,No value,10 or fewer
,,Total,23
,"OHIO, WV",Less than 18 Years,10 or fewer
,,≥ 18 and < 45 Years,18
,,≥ 45 and < 65 Years,10 or fewer
,,65 Years or more,10 or fewer
,,No value,10 or fewer
,,Total,22
,"PIERCE, WA",Less than 18 Years,10 or fewer
,,≥ 18 and < 45 Years,19
,,≥ 45 and < 65 Years,10 or fewer
,,65 Years or more,10 or fewer
,,No value,10 or fewer
,,Total,22
,"MONONGALIA, WV",Less than 18 Years,10 or fewer
,,≥ 18 and < 45 Years,10 or fewer
,,≥ 45 and < 65 Years,10 or fewer
,,65 Years or more,10 or fewer
,,No value,10 or fewer
,,Total,10 or fewer
,"LARAMIE, WY",Less than 18 Years,10 or fewer
,,≥ 18 and < 45 Years,10 or fewer
,,≥ 45 and < 65 Years,10 or fewer
,,65 Years or more,10 or fewer
,,No value,10 or fewer
,,Total,16
,"MARION, WV",Less than 18 Years,10 or fewer
,,≥ 18 and < 45 Years,11
,,≥ 45 and < 65 Years,10 or fewer
,,65 Years or more,10 or fewer
,,No value,10 or fewer
,,Total,13
,"WAUKESHA, WI",Less than 18 Years,10 or fewer
,,≥ 18 and < 45 Years,10 or fewer
,,≥ 45 and < 65 Years,10 or fewer
,,65 Years or more,10 or fewer
,,No value,10 or fewer
,,Total,15
,"KANAWHA, WV",Less than 18 Years,10 or fewer
,,≥ 18 and < 45 Years,11
,,≥ 45 and < 65 Years,12
,,65 Years or more,10 or fewer
,,No value,10 or fewer
,,Total,23
,"WALWORTH, WI",Less than 18 Years,10 or fewer
,,≥ 18 and < 45 Years,10 or fewer
,,≥ 45 and < 65 Years,10 or fewer
,,65 Years or more,10 or fewer
,,No value,10 or fewer
,,Total,15
,"KENOSHA, WI",Less than 18 Years,10 or fewer
,,≥ 18 and < 45 Years,10 or fewer
,,≥ 45 and < 65 Years,10 or fewer
,,65 Years or more,10 or fewer
,,No value,10 or fewer
,,Total,14
,"RACINE, WI",Less than 18 Years,10 or fewer
,,≥ 18 and < 45 Years,10 or fewer
,,≥ 45 and < 65 Years,10 or fewer
,,65 Years or more,10 or fewer
,,No value,10 or fewer
,,Total,10 or fewer
,"ROCK, WI",Less than 18 Years,10 or fewer
,,≥ 18 and < 45 Years,10 or fewer
,,≥ 45 and < 65 Years,10 or fewer
,,65 Years or more,10 or fewer
,,No value,10 or fewer
,,Total,12
,"JEFFERSON, WV",Less than 18 Years,10 or fewer
,,≥ 18 and < 45 Years,10 or fewer
,,≥ 45 and < 65 Years,10 or fewer
,,65 Years or more,10 or fewer
,,No value,10 or fewer
,,Total,10 or fewer
,"DOUGLAS, WI",Less than 18 Years,10 or fewer
,,≥ 18 and < 45 Years,10 or fewer
,,≥ 45 and < 65 Years,10 or fewer
,,65 Years or more,10 or fewer
,,No value,10 or fewer
,,Total,13
,"SHEBOYGAN, WI",Less than 18 Years,10 or fewer
,,≥ 18 and < 45 Years,10 or fewer
,,≥ 45 and < 65 Years,10 or fewer
,,65 Years or more,10 or fewer
,,No value,10 or fewer
,,Total,16
,"MANITOWOC, WI",Less than 18 Years,10 or fewer
,,≥ 18 and < 45 Years,10 or fewer
,,≥ 45 and < 65 Years,10 or fewer
,,65 Years or more,10 or fewer
,,No value,10 or fewer
,,Total,13
,"WINNEBAGO, WI",Less than 18 Years,10 or fewer
,,≥ 18 and < 45 Years,10 or fewer
,,≥ 45 and < 65 Years,10 or fewer
,,65 Years or more,10 or fewer
,,No value,10 or fewer
,,Total,15
,"COWLITZ, WA",Less than 18 Years,10 or fewer
,,≥ 18 and < 45 Years,10 or fewer
,,≥ 45 and < 65 Years,10 or fewer
,,65 Years or more,10 or fewer
,,No value,10 or fewer
,,Total,10 or fewer
,"CHELAN, WA",Less than 18 Years,10 or fewer
,,≥ 18 and < 45 Years,10 or fewer
,,≥ 45 and < 65 Years,10 or fewer
,,65 Years or more,10 or fewer
,,No value,10 or fewer
,,Total,15
,"MARSHALL, WV",Less than 18 Years,10 or fewer
,,≥ 18 and < 45 Years,10 or fewer
,,≥ 45 and < 65 Years,10 or fewer
,,65 Years or more,10 or fewer
,,No value,10 or fewer
,,Total,11
,"WASHINGTON, WI",Less than 18 Years,10 or fewer
,,≥ 18 and < 45 Years,10 or fewer
,,≥ 45 and < 65 Years,10 or fewer
,,65 Years or more,10 or fewer
,,No value,10 or fewer
,,Total,10 or fewer
,"DOUGLAS, WA",Less than 18 Years,10 or fewer
,,≥ 18 and < 45 Years,10 or fewer
,,≥ 45 and < 65 Years,10 or fewer
,,65 Years or more,10 or fewer
,,No value,10 or fewer
,,Total,10 or fewer
,"HAMPSHIRE, WV",Less than 18 Years,10 or fewer
,,≥ 18 and < 45 Years,10 or fewer
,,≥ 45 and < 65 Years,10 or fewer
,,65 Years or more,10 or fewer
,,No value,10 or fewer
,,Total,10 or fewer
,"OZAUKEE, WI",Less than 18 Years,10 or fewer
,,≥ 18 and < 45 Years,10 or fewer
,,≥ 45 and < 65 Years,10 or fewer
,,65 Years or more,10 or fewer
,,No value,10 or fewer
,,Total,10 or fewer
,"BRAXTON, WV",Less than 18 Years,10 or fewer
,,≥ 18 and < 45 Years,10 or fewer
,,≥ 45 and < 65 Years,10 or fewer
,,65 Years or more,10 or fewer
,,No value,10 or fewer
,,Total,10 or fewer
,"ISLAND, WA",Less than 18 Years,10 or fewer
,,≥ 18 and < 45 Years,10 or fewer
,,≥ 45 and < 65 Years,10 or fewer
,,65 Years or more,10 or fewer
,,No value,10 or fewer
,,Total,10 or fewer
,"UPSHUR, WV",Less than 18 Years,10 or fewer
,,≥ 18 and < 45 Years,10 or fewer
,,≥ 45 and < 65 Years,10 or fewer
,,65 Years or more,10 or fewer
,,No value,10 or fewer
,,Total,10 or fewer
,"MARINETTE, WI",Less than 18 Years,10 or fewer
,,≥ 18 and < 45 Years,10 or fewer
,,≥ 45 and < 65 Years,10 or fewer
,,65 Years or more,10 or fewer
,,No value,10 or fewer
,,Total,10 or fewer
,"MINERAL, WV",Less than 18 Years,10 or fewer
,,≥ 18 and < 45 Years,10 or fewer
,,≥ 45 and < 65 Years,10 or fewer
,,65 Years or more,10 or fewer
,,No value,10 or fewer
,,Total,10 or fewer
,"ADAMS, WI",Less than 18 Years,10 or fewer
,,≥ 18 and < 45 Years,10 or fewer
,,≥ 45 and < 65 Years,10 or fewer
,,65 Years or more,10 or fewer
,,No value,10 or fewer
,,Total,10 or fewer
,"NICHOLAS, WV",Less than 18 Years,10 or fewer
,,≥ 18 and < 45 Years,10 or fewer
,,≥ 45 and < 65 Years,10 or fewer
,,65 Years or more,10 or fewer
,,No value,10 or fewer
,,Total,10 or fewer
,"RITCHIE, WV",Less than 18 Years,10 or fewer
,,≥ 18 and < 45 Years,10 or fewer
,,≥ 45 and < 65 Years,10 or fewer
,,65 Years or more,10 or fewer
,,No value,10 or fewer
,,Total,10 or fewer
,"JEFFERSON, WI",Less than 18 Years,10 or fewer
,,≥ 18 and < 45 Years,10 or fewer
,,≥ 45 and < 65 Years,10 or fewer
,,65 Years or more,10 or fewer
,,No value,10 or fewer
,,Total,10 or fewer
,"COLUMBIA, WI",Less than 18 Years,10 or fewer
,,≥ 18 and < 45 Years,10 or fewer
,,≥ 45 and < 65 Years,10 or fewer
,,65 Years or more,10 or fewer
,,No value,10 or fewer
,,Total,10 or fewer
,"EAU CLAIRE, WI",Less than 18 Years,10 or fewer
,,≥ 18 and < 45 Years,10 or fewer
,,≥ 45 and < 65 Years,10 or fewer
,,65 Years or more,10 or fewer
,,No value,10 or fewer
,,Total,10 or fewer
,"PRESTON, WV",Less than 18 Years,10 or fewer
,,≥ 18 and < 45 Years,10 or fewer
,,≥ 45 and < 65 Years,10 or fewer
,,65 Years or more,10 or fewer
,,No value,10 or fewer
,,Total,10 or fewer
,"THURSTON, WA",Less than 18 Years,10 or fewer
,,≥ 18 and < 45 Years,10 or fewer
,,≥ 45 and < 65 Years,10 or fewer
,,65 Years or more,10 or fewer
,,No value,10 or fewer
,,Total,10 or fewer
,"WHATCOM, WA",Less than 18 Years,10 or fewer
,,≥ 18 and < 45 Years,10 or fewer
,,≥ 45 and < 65 Years,10 or fewer
,,65 Years or more,10 or fewer
,,No value,10 or fewer
,,Total,10 or fewer
,"ALBANY, WY",Less than 18 Years,10 or fewer
,,≥ 18 and < 45 Years,10 or fewer
,,≥ 45 and < 65 Years,10 or fewer
,,65 Years or more,10 or fewer
,,No value,10 or fewer
,,Total,10 or fewer
,"MORGAN, WV",Less than 18 Years,10 or fewer
,,≥ 18 and < 45 Years,10 or fewer
,,≥ 45 and < 65 Years,10 or fewer
,,65 Years or more,10 or fewer
,,No value,10 or fewer
,,Total,10 or fewer
,"OUTAGAMIE, WI",Less than 18 Years,10 or fewer
,,≥ 18 and < 45 Years,10 or fewer
,,≥ 45 and < 65 Years,10 or fewer
,,65 Years or more,10 or fewer
,,No value,10 or fewer
,,Total,10 or fewer
,"CHIPPEWA, WI",Less than 18 Years,10 or fewer
,,≥ 18 and < 45 Years,10 or fewer
,,≥ 45 and < 65 Years,10 or fewer
,,65 Years or more,10 or fewer
,,No value,10 or fewer
,,Total,10 or fewer
,"FOND DU LAC, WI",Less than 18 Years,10 or fewer
,,≥ 18 and < 45 Years,10 or fewer
,,≥ 45 and < 65 Years,10 or fewer
,,65 Years or more,10 or fewer
,,No value,10 or fewer
,,Total,10 or fewer
,"MONROE, WI",Less than 18 Years,10 or fewer
,,≥ 18 and < 45 Years,10 or fewer
,,≥ 45 and < 65 Years,10 or fewer
,,65 Years or more,10 or fewer
,,No value,10 or fewer
,,Total,10 or fewer
,"WETZEL, WV",Less than 18 Years,10 or fewer
,,≥ 18 and < 45 Years,10 or fewer
,,≥ 45 and < 65 Years,10 or fewer
,,65 Years or more,10 or fewer
,,No value,10 or fewer
,,Total,10 or fewer
,"YAKIMA, WA",Less than 18 Years,10 or fewer
,,≥ 18 and < 45 Years,10 or fewer
,,≥ 45 and < 65 Years,10 or fewer
,,65 Years or more,10 or fewer
,,No value,10 or fewer
,,Total,10 or fewer
,"JACKSON, WV",Less than 18 Years,10 or fewer
,,≥ 18 and < 45 Years,10 or fewer
,,≥ 45 and < 65 Years,10 or fewer
,,65 Years or more,10 or fewer
,,No value,10 or fewer
,,Total,10 or fewer
,"KITSAP, WA",Less than 18 Years,10 or fewer
,,≥ 18 and < 45 Years,10 or fewer
,,≥ 45 and < 65 Years,10 or fewer
,,65 Years or more,10 or fewer
,,No value,10 or fewer
,,Total,10 or fewer
,"OCONTO, WI",Less than 18 Years,10 or fewer
,,≥ 18 and < 45 Years,10 or fewer
,,≥ 45 and < 65 Years,10 or fewer
,,65 Years or more,10 or fewer
,,No value,10 or fewer
,,Total,10 or fewer
,"VERNON, WI",Less than 18 Years,10 or fewer
,,≥ 18 and < 45 Years,10 or fewer
,,≥ 45 and < 65 Years,10 or fewer
,,65 Years or more,10 or fewer
,,No value,10 or fewer
,,Total,10 or fewer
,"DODGE, WI",Less than 18 Years,10 or fewer
,,≥ 18 and < 45 Years,10 or fewer
,,≥ 45 and < 65 Years,10 or fewer
,,65 Years or more,10 or fewer
,,No value,10 or fewer
,,Total,10 or fewer
,"GRANT, WV",Less than 18 Years,10 or fewer
,,≥ 18 and < 45 Years,10 or fewer
,,≥ 45 and < 65 Years,10 or fewer
,,65 Years or more,10 or fewer
,,No value,10 or fewer
,,Total,10 or fewer
,"MCDOWELL, WV",Less than 18 Years,10 or fewer
,,≥ 18 and < 45 Years,10 or fewer
,,≥ 45 and < 65 Years,10 or fewer
,,65 Years or more,10 or fewer
,,No value,10 or fewer
,,Total,10 or fewer
,"TREMPEALEAU, WI",Less than 18 Years,10 or fewer
,,≥ 18 and < 45 Years,10 or fewer
,,≥ 45 and < 65 Years,10 or fewer
,,65 Years or more,10 or fewer
,,No value,10 or fewer
,,Total,10 or fewer
,"BROOKE, WV",Less than 18 Years,10 or fewer
,,≥ 18 and < 45 Years,10 or fewer
,,≥ 45 and < 65 Years,10 or fewer
,,65 Years or more,10 or fewer
,,No value,10 or fewer
,,Total,10 or fewer
,"GREEN, WI",Less than 18 Years,10 or fewer
,,≥ 18 and < 45 Years,10 or fewer
,,≥ 45 and < 65 Years,10 or fewer
,,65 Years or more,10 or fewer
,,No value,10 or fewer
,,Total,10 or fewer
,"KEWAUNEE, WI",Less than 18 Years,10 or fewer
,,≥ 18 and < 45 Years,10 or fewer
,,≥ 45 and < 65 Years,10 or fewer
,,65 Years or more,10 or fewer
,,No value,10 or fewer
,,Total,10 or fewer
,"MASON, WA",Less than 18 Years,10 or fewer
,,≥ 18 and < 45 Years,10 or fewer
,,≥ 45 and < 65 Years,10 or fewer
,,65 Years or more,10 or fewer
,,No value,10 or fewer
,,Total,10 or fewer
,"PLEASANTS, WV",Less than 18 Years,10 or fewer
,,≥ 18 and < 45 Years,10 or fewer
,,≥ 45 and < 65 Years,10 or fewer
,,65 Years or more,10 or fewer
,,No value,10 or fewer
,,Total,10 or fewer
,"RALEIGH, WV",Less than 18 Years,10 or fewer
,,≥ 18 and < 45 Years,10 or fewer
,,≥ 45 and < 65 Years,10 or fewer
,,65 Years or more,10 or fewer
,,No value,10 or fewer
,,Total,10 or fewer
,"SAUK, WI",Less than 18 Years,10 or fewer
,,≥ 18 and < 45 Years,10 or fewer
,,≥ 45 and < 65 Years,10 or fewer
,,65 Years or more,10 or fewer
,,No value,10 or fewer
,,Total,10 or fewer
,"DODDRIDGE, WV",Less than 18 Years,10 or fewer
,,≥ 18 and < 45 Years,10 or fewer
,,≥ 45 and < 65 Years,10 or fewer
,,65 Years or more,10 or fewer
,,No value,10 or fewer
,,Total,10 or fewer
,"HARDY, WV",Less than 18 Years,10 or fewer
,,≥ 18 and < 45 Years,10 or fewer
,,≥ 45 and < 65 Years,10 or fewer
,,65 Years or more,10 or fewer
,,No value,10 or fewer
,,Total,10 or fewer
,"JUNEAU, WI",Less than 18 Years,10 or fewer
,,≥ 18 and < 45 Years,10 or fewer
,,≥ 45 and < 65 Years,10 or fewer
,,65 Years or more,10 or fewer
,,No value,10 or fewer
,,Total,10 or fewer
,"LEWIS, WV",Less than 18 Years,10 or fewer
,,≥ 18 and < 45 Years,10 or fewer
,,≥ 45 and < 65 Years,10 or fewer
,,65 Years or more,10 or fewer
,,No value,10 or fewer
,,Total,10 or fewer
,"LINCOLN, WY",Less than 18 Years,10 or fewer
,,≥ 18 and < 45 Years,10 or fewer
,,≥ 45 and < 65 Years,10 or fewer
,,65 Years or more,10 or fewer
,,No value,10 or fewer
,,Total,10 or fewer
,"MARATHON, WI",Less than 18 Years,10 or fewer
,,≥ 18 and < 45 Years,10 or fewer
,,≥ 45 and < 65 Years,10 or fewer
,,65 Years or more,10 or fewer
,,No value,10 or fewer
,,Total,10 or fewer
,"OKANOGAN, WA",Less than 18 Years,10 or fewer
,,≥ 18 and < 45 Years,10 or fewer
,,≥ 45 and < 65 Years,10 or fewer
,,65 Years or more,10 or fewer
,,No value,10 or fewer
,,Total,10 or fewer
,"POLK, WI",Less than 18 Years,10 or fewer
,,≥ 18 and < 45 Years,10 or fewer
,,≥ 45 and < 65 Years,10 or fewer
,,65 Years or more,10 or fewer
,,No value,10 or fewer
,,Total,10 or fewer
,"SAN JUAN, WA",Less than 18 Years,10 or fewer
,,≥ 18 and < 45 Years,10 or fewer
,,≥ 45 and < 65 Years,10 or fewer
,,65 Years or more,10 or fewer
,,No value,10 or fewer
,,Total,10 or fewer
,"SPOKANE, WA",Less than 18 Years,10 or fewer
,,≥ 18 and < 45 Years,10 or fewer
,,≥ 45 and < 65 Years,10 or fewer
,,65 Years or more,10 or fewer
,,No value,10 or fewer
,,Total,10 or fewer
,"WOOD, WI",Less than 18 Years,10 or fewer
,,≥ 18 and < 45 Years,10 or fewer
,,≥ 45 and < 65 Years,10 or fewer
,,65 Years or more,10 or fewer
,,No value,10 or fewer
,,Total,10 or fewer
,"ASHLAND, WI",Less than 18 Years,10 or fewer
,,≥ 18 and < 45 Years,10 or fewer
,,≥ 45 and < 65 Years,10 or fewer
,,65 Years or more,10 or fewer
,,No value,10 or fewer
,,Total,10 or fewer
,"BENTON, WA",Less than 18 Years,10 or fewer
,,≥ 18 and < 45 Years,10 or fewer
,,≥ 45 and < 65 Years,10 or fewer
,,65 Years or more,10 or fewer
,,No value,10 or fewer
,,Total,10 or fewer
,"BURNETT, WI",Less than 18 Years,10 or fewer
,,≥ 18 and < 45 Years,10 or fewer
,,≥ 45 and < 65 Years,10 or fewer
,,65 Years or more,10 or fewer
,,No value,10 or fewer
,,Total,10 or fewer
,"CLARK, WI",Less than 18 Years,10 or fewer
,,≥ 18 and < 45 Years,10 or fewer
,,≥ 45 and < 65 Years,10 or fewer
,,65 Years or more,10 or fewer
,,No value,10 or fewer
,,Total,10 or fewer
,"FAYETTE, WV",Less than 18 Years,10 or fewer
,,≥ 18 and < 45 Years,10 or fewer
,,≥ 45 and < 65 Years,10 or fewer
,,65 Years or more,10 or fewer
,,No value,10 or fewer
,,Total,10 or fewer
,"FOREST, WI",Less than 18 Years,10 or fewer
,,≥ 18 and < 45 Years,10 or fewer
,,≥ 45 and < 65 Years,10 or fewer
,,65 Years or more,10 or fewer
,,No value,10 or fewer
,,Total,10 or fewer
,"GILMER, WV",Less than 18 Years,10 or fewer
,,≥ 18 and < 45 Years,10 or fewer
,,≥ 45 and < 65 Years,10 or fewer
,,65 Years or more,10 or fewer
,,No value,10 or fewer
,,Total,10 or fewer
,"LEWIS, WA",Less than 18 Years,10 or fewer
,,≥ 18 and < 45 Years,10 or fewer
,,≥ 45 and < 65 Years,10 or fewer
,,65 Years or more,10 or fewer
,,No value,10 or fewer
,,Total,10 or fewer
,"NATRONA, WY",Less than 18 Years,10 or fewer
,,≥ 18 and < 45 Years,10 or fewer
,,≥ 45 and < 65 Years,10 or fewer
,,65 Years or more,10 or fewer
,,No value,10 or fewer
,,Total,10 or fewer
,"ONEIDA, WI",Less than 18 Years,10 or fewer
,,≥ 18 and < 45 Years,10 or fewer
,,≥ 45 and < 65 Years,10 or fewer
,,65 Years or more,10 or fewer
,,No value,10 or fewer
,,Total,10 or fewer
,"PACIFIC, WA",Less than 18 Years,10 or fewer
,,≥ 18 and < 45 Years,10 or fewer
,,≥ 45 and < 65 Years,10 or fewer
,,65 Years or more,10 or fewer
,,No value,10 or fewer
,,Total,10 or fewer
,"PORTAGE, WI",Less than 18 Years,10 or fewer
,,≥ 18 and < 45 Years,10 or fewer
,,≥ 45 and < 65 Years,10 or fewer
,,65 Years or more,10 or fewer
,,No value,10 or fewer
,,Total,10 or fewer
,"PUTNAM, WV",Less than 18 Years,10 or fewer
,,≥ 18 and < 45 Years,10 or fewer
,,≥ 45 and < 65 Years,10 or fewer
,,65 Years or more,10 or fewer
,,No value,10 or fewer
,,Total,10 or fewer
,"SAINT CROIX, WI",Less than 18 Years,10 or fewer
,,≥ 18 and < 45 Years,10 or fewer
,,≥ 45 and < 65 Years,10 or fewer
,,65 Years or more,10 or fewer
,,No value,10 or fewer
,,Total,10 or fewer
,"SHAWANO, WI",Less than 18 Years,10 or fewer
,,≥ 18 and < 45 Years,10 or fewer
,,≥ 45 and < 65 Years,10 or fewer
,,65 Years or more,10 or fewer
,,No value,10 or fewer
,,Total,10 or fewer
,"TAYLOR, WV",Less than 18 Years,10 or fewer
,,≥ 18 and < 45 Years,10 or fewer
,,≥ 45 and < 65 Years,10 or fewer
,,65 Years or more,10 or fewer
,,No value,10 or fewer
,,Total,10 or fewer
,"WASHBURN, WI",Less than 18 Years,10 or fewer
,,≥ 18 and < 45 Years,10 or fewer
,,≥ 45 and < 65 Years,10 or fewer
,,65 Years or more,10 or fewer
,,No value,10 or fewer
,,Total,10 or fewer
,"CRAWFORD, WI",Less than 18 Years,10 or fewer
,,≥ 18 and < 45 Years,10 or fewer
,,≥ 45 and < 65 Years,10 or fewer
,,65 Years or more,10 or fewer
,,No value,10 or fewer
,,Total,10 or fewer
,"GRANT, WA",Less than 18 Years,10 or fewer
,,≥ 18 and < 45 Years,10 or fewer
,,≥ 45 and < 65 Years,10 or fewer
,,65 Years or more,10 or fewer
,,No value,10 or fewer
,,Total,10 or fewer
,"GRANT, WI",Less than 18 Years,10 or fewer
,,≥ 18 and < 45 Years,10 or fewer
,,≥ 45 and < 65 Years,10 or fewer
,,65 Years or more,10 or fewer
,,No value,10 or fewer
,,Total,10 or fewer
,"GRAYS HARBOR, WA",Less than 18 Years,10 or fewer
,,≥ 18 and < 45 Years,10 or fewer
,,≥ 45 and < 65 Years,10 or fewer
,,65 Years or more,10 or fewer
,,No value,10 or fewer
,,Total,10 or fewer
,"HANCOCK, WV",Less than 18 Years,10 or fewer
,,≥ 18 and < 45 Years,10 or fewer
,,≥ 45 and < 65 Years,10 or fewer
,,65 Years or more,10 or fewer
,,No value,10 or fewer
,,Total,10 or fewer
,"IRON, WI",Less than 18 Years,10 or fewer
,,≥ 18 and < 45 Years,10 or fewer
,,≥ 45 and < 65 Years,10 or fewer
,,65 Years or more,10 or fewer
,,No value,10 or fewer
,,Total,10 or fewer
,"JACKSON, WI",Less than 18 Years,10 or fewer
,,≥ 18 and < 45 Years,10 or fewer
,,≥ 45 and < 65 Years,10 or fewer
,,65 Years or more,10 or fewer
,,No value,10 or fewer
,,Total,10 or fewer
,"LANGLADE, WI",Less than 18 Years,10 or fewer
,,≥ 18 and < 45 Years,10 or fewer
,,≥ 45 and < 65 Years,10 or fewer
,,65 Years or more,10 or fewer
,,No value,10 or fewer
,,Total,10 or fewer
,"LINCOLN, WV",Less than 18 Years,10 or fewer
,,≥ 18 and < 45 Years,10 or fewer
,,≥ 45 and < 65 Years,10 or fewer
,,65 Years or more,10 or fewer
,,No value,10 or fewer
,,Total,10 or fewer
,"PIERCE, WI",Less than 18 Years,10 or fewer
,,≥ 18 and < 45 Years,10 or fewer
,,≥ 45 and < 65 Years,10 or fewer
,,65 Years or more,10 or fewer
,,No value,10 or fewer
,,Total,10 or fewer
,"RANDOLPH, WV",Less than 18 Years,10 or fewer
,,≥ 18 and < 45 Years,10 or fewer
,,≥ 45 and < 65 Years,10 or fewer
,,65 Years or more,10 or fewer
,,No value,10 or fewer
,,Total,10 or fewer
,"SAWYER, WI",Less than 18 Years,10 or fewer
,,≥ 18 and < 45 Years,10 or fewer
,,≥ 45 and < 65 Years,10 or fewer
,,65 Years or more,10 or fewer
,,No value,10 or fewer
,,Total,10 or fewer
,"TUCKER, WV",Less than 18 Years,10 or fewer
,,≥ 18 and < 45 Years,10 or fewer
,,≥ 45 and < 65 Years,10 or fewer
,,65 Years or more,10 or fewer
,,No value,10 or fewer
,,Total,10 or fewer
,"WAUPACA, WI",Less than 18 Years,10 or fewer
,,≥ 18 and < 45 Years,10 or fewer
,,≥ 45 and < 65 Years,10 or fewer
,,65 Years or more,10 or fewer
,,No value,10 or fewer
,,Total,10 or fewer
,"WAYNE, WV",Less than 18 Years,10 or fewer
,,≥ 18 and < 45 Years,10 or fewer
,,≥ 45 and < 65 Years,10 or fewer
,,65 Years or more,10 or fewer
,,No value,10 or fewer
,,Total,10 or fewer
,"WIRT, WV",Less than 18 Years,10 or fewer
,,≥ 18 and < 45 Years,10 or fewer
,,≥ 45 and < 65 Years,10 or fewer
,,65 Years or more,10 or fewer
,,No value,10 or fewer
,,Total,10 or fewer
,"ASOTIN, WA",Less than 18 Years,10 or fewer
,,≥ 18 and < 45 Years,10 or fewer
,,≥ 45 and < 65 Years,10 or fewer
,,65 Years or more,10 or fewer
,,No value,10 or fewer
,,Total,10 or fewer
,"BARBOUR, WV",Less than 18 Years,10 or fewer
,,≥ 18 and < 45 Years,10 or fewer
,,≥ 45 and < 65 Years,10 or fewer
,,65 Years or more,10 or fewer
,,No value,10 or fewer
,,Total,10 or fewer
,"CALUMET, WI",Less than 18 Years,10 or fewer
,,≥ 18 and < 45 Years,10 or fewer
,,≥ 45 and < 65 Years,10 or fewer
,,65 Years or more,10 or fewer
,,No value,10 or fewer
,,Total,10 or fewer
,"CAMPBELL, WY",Less than 18 Years,10 or fewer
,,≥ 18 and < 45 Years,10 or fewer
,,≥ 45 and < 65 Years,10 or fewer
,,65 Years or more,10 or fewer
,,No value,10 or fewer
,,Total,10 or fewer
,"CARBON, WY",Less than 18 Years,10 or fewer
,,≥ 18 and < 45 Years,10 or fewer
,,≥ 45 and < 65 Years,10 or fewer
,,65 Years or more,10 or fewer
,,No value,10 or fewer
,,Total,10 or fewer
,"CLALLAM, WA",Less than 18 Years,10 or fewer
,,≥ 18 and < 45 Years,10 or fewer
,,≥ 45 and < 65 Years,10 or fewer
,,65 Years or more,10 or fewer
,,No value,10 or fewer
,,Total,10 or fewer
,"CLAY, WV",Less than 18 Years,10 or fewer
,,≥ 18 and < 45 Years,10 or fewer
,,≥ 45 and < 65 Years,10 or fewer
,,65 Years or more,10 or fewer
,,No value,10 or fewer
,,Total,10 or fewer
,"CONVERSE, WY",Less than 18 Years,10 or fewer
,,≥ 18 and < 45 Years,10 or fewer
,,≥ 45 and < 65 Years,10 or fewer
,,65 Years or more,10 or fewer
,,No value,10 or fewer
,,Total,10 or fewer
,"FRANKLIN, WA",Less than 18 Years,10 or fewer
,,≥ 18 and < 45 Years,10 or fewer
,,≥ 45 and < 65 Years,10 or fewer
,,65 Years or more,10 or fewer
,,No value,10 or fewer
,,Total,10 or fewer
,"GOSHEN, WY",Less than 18 Years,10 or fewer
,,≥ 18 and < 45 Years,10 or fewer
,,≥ 45 and < 65 Years,10 or fewer
,,65 Years or more,10 or fewer
,,No value,10 or fewer
,,Total,10 or fewer
,"IOWA, WI",Less than 18 Years,10 or fewer
,,≥ 18 and < 45 Years,10 or fewer
,,≥ 45 and < 65 Years,10 or fewer
,,65 Years or more,10 or fewer
,,No value,10 or fewer
,,Total,10 or fewer
,"JEFFERSON, WA",Less than 18 Years,10 or fewer
,,≥ 18 and < 45 Years,10 or fewer
,,≥ 45 and < 65 Years,10 or fewer
,,65 Years or more,10 or fewer
,,No value,10 or fewer
,,Total,10 or fewer
,"KITTITAS, WA",Less than 18 Years,10 or fewer
,,≥ 18 and < 45 Years,10 or fewer
,,≥ 45 and < 65 Years,10 or fewer
,,65 Years or more,10 or fewer
,,No value,10 or fewer
,,Total,10 or fewer
,"LAFAYETTE, WI",Less than 18 Years,10 or fewer
,,≥ 18 and < 45 Years,10 or fewer
,,≥ 45 and < 65 Years,10 or fewer
,,65 Years or more,10 or fewer
,,No value,10 or fewer
,,Total,10 or fewer
,"LINCOLN, WI",Less than 18 Years,10 or fewer
,,≥ 18 and < 45 Years,10 or fewer
,,≥ 45 and < 65 Years,10 or fewer
,,65 Years or more,10 or fewer
,,No value,10 or fewer
,,Total,10 or fewer
,"LOGAN, WV",Less than 18 Years,10 or fewer
,,≥ 18 and < 45 Years,10 or fewer
,,≥ 45 and < 65 Years,10 or fewer
,,65 Years or more,10 or fewer
,,No value,10 or fewer
,,Total,10 or fewer
,"MENOMINEE, WI",Less than 18 Years,10 or fewer
,,≥ 18 and < 45 Years,10 or fewer
,,≥ 45 and < 65 Years,10 or fewer
,,65 Years or more,10 or fewer
,,No value,10 or fewer
,,Total,10 or fewer
,"MONROE, WV",Less than 18 Years,10 or fewer
,,≥ 18 and < 45 Years,10 or fewer
,,≥ 45 and < 65 Years,10 or fewer
,,65 Years or more,10 or fewer
,,No value,10 or fewer
,,Total,10 or fewer
,"PARK, WY",Less than 18 Years,10 or fewer
,,≥ 18 and < 45 Years,10 or fewer
,,≥ 45 and < 65 Years,10 or fewer
,,65 Years or more,10 or fewer
,,No value,10 or fewer
,,Total,10 or fewer
,"PEND OREILLE, WA",Less than 18 Years,10 or fewer
,,≥ 18 and < 45 Years,10 or fewer
,,≥ 45 and < 65 Years,10 or fewer
,,65 Years or more,10 or fewer
,,No value,10 or fewer
,,Total,10 or fewer
,"PEPIN, WI",Less than 18 Years,10 or fewer
,,≥ 18 and < 45 Years,10 or fewer
,,≥ 45 and < 65 Years,10 or fewer
,,65 Years or more,10 or fewer
,,No value,10 or fewer
,,Total,10 or fewer
,"PLATTE, WY",Less than 18 Years,10 or fewer
,,≥ 18 and < 45 Years,10 or fewer
,,≥ 45 and < 65 Years,10 or fewer
,,65 Years or more,10 or fewer
,,No value,10 or fewer
,,Total,10 or fewer
,"POCAHONTAS, WV",Less than 18 Years,10 or fewer
,,≥ 18 and < 45 Years,10 or fewer
,,≥ 45 and < 65 Years,10 or fewer
,,65 Years or more,10 or fewer
,,No value,10 or fewer
,,Total,10 or fewer
,"ROANE, WV",Less than 18 Years,10 or fewer
,,≥ 18 and < 45 Years,10 or fewer
,,≥ 45 and < 65 Years,10 or fewer
,,65 Years or more,10 or fewer
,,No value,10 or fewer
,,Total,10 or fewer
,"RUSK, WI",Less than 18 Years,10 or fewer
,,≥ 18 and < 45 Years,10 or fewer
,,≥ 45 and < 65 Years,10 or fewer
,,65 Years or more,10 or fewer
,,No value,10 or fewer
,,Total,10 or fewer
,"SKAMANIA, WA",Less than 18 Years,10 or fewer
,,≥ 18 and < 45 Years,10 or fewer
,,≥ 45 and < 65 Years,10 or fewer
,,65 Years or more,10 or fewer
,,No value,10 or fewer
,,Total,10 or fewer
,"STEVENS, WA",Less than 18 Years,10 or fewer
,,≥ 18 and < 45 Years,10 or fewer
,,≥ 45 and < 65 Years,10 or fewer
,,65 Years or more,10 or fewer
,,No value,10 or fewer
,,Total,10 or fewer
,"SUMMERS, WV",Less than 18 Years,10 or fewer
,,≥ 18 and < 45 Years,10 or fewer
,,≥ 45 and < 65 Years,10 or fewer
,,65 Years or more,10 or fewer
,,No value,10 or fewer
,,Total,10 or fewer
,"TYLER, WV",Less than 18 Years,10 or fewer
,,≥ 18 and < 45 Years,10 or fewer
,,≥ 45 and < 65 Years,10 or fewer
,,65 Years or more,10 or fewer
,,No value,10 or fewer
,,Total,10 or fewer
,"WALLA WALLA, WA",Less than 18 Years,10 or fewer
,,≥ 18 and < 45 Years,10 or fewer
,,≥ 45 and < 65 Years,10 or fewer
,,65 Years or more,10 or fewer
,,No value,10 or fewer
,,Total,10 or fewer
,"WASHAKIE, WY",Less than 18 Years,10 or fewer
,,≥ 18 and < 45 Years,10 or fewer
,,≥ 45 and < 65 Years,10 or fewer
,,65 Years or more,10 or fewer
,,No value,10 or fewer
,,Total,10 or fewer
,"WEBSTER, WV",Less than 18 Years,10 or fewer
,,≥ 18 and < 45 Years,10 or fewer
,,≥ 45 and < 65 Years,10 or fewer
,,65 Years or more,10 or fewer
,,No value,10 or fewer
,,Total,10 or fewer
,"WHITMAN, WA",Less than 18 Years,10 or fewer
,,≥ 18 and < 45 Years,10 or fewer
,,≥ 45 and < 65 Years,10 or fewer
,,65 Years or more,10 or fewer
,,No value,10 or fewer
,,Total,10 or fewer
,"WYOMING, WV",Less than 18 Years,10 or fewer
,,≥ 18 and < 45 Years,10 or fewer
,,≥ 45 and < 65 Years,10 or fewer
,,65 Years or more,10 or fewer
,,No value,10 or fewer
,,Total,10 or fewer
,None of the above,Less than 18 Years,10 or fewer
,,≥ 18 and < 45 Years,36
,,≥ 45 and < 65 Years,16
,,65 Years or more,10 or fewer
,,No value,10 or fewer
,,Total,58
,Total,Less than 18 Years,27
,,≥ 18 and < 45 Years,1123
,,≥ 45 and < 65 Years,471
,,65 Years or more,134
,,No value,10 or fewer
,,Total,1755
Jan 1 – Jul 17 2025,"KING, WA",Less than 18 Years,10 or fewer
,,≥ 18 and < 45 Years,115
,,≥ 45 and < 65 Years,46
,,65 Years or more,15
,,No value,10 or fewer
,,Total,179
,"MILWAUKEE, WI",Less than 18 Years,10 or fewer
,,≥ 18 and < 45 Years,41
,,≥ 45 and < 65 Years,27
,,65 Years or more,13
,,No value,10 or fewer
,,Total,82
,"CLARK, WA",Less than 18 Years,10 or fewer
,,≥ 18 and < 45 Years,44
,,≥ 45 and < 65 Years,17
,,65 Years or more,10 or fewer
,,No value,10 or fewer
,,Total,67
,"DANE, WI",Less than 18 Years,10 or fewer
,,≥ 18 and < 45 Years,21
,,≥ 45 and < 65 Years,17
,,65 Years or more,10 or fewer
,,No value,10 or fewer
,,Total,43
,"SNOHOMISH, WA",Less than 18 Years,10 or fewer
,,≥ 18 and < 45 Years,25
,,≥ 45 and < 65 Years,13
,,65 Years or more,10 or fewer
,,No value,10 or fewer
,,Total,46
,"BERKELEY, WV",Less than 18 Years,10 or fewer
,,≥ 18 and < 45 Years,10 or fewer
,,≥ 45 and < 65 Years,10 or fewer
,,65 Years or more,10 or fewer
,,No value,10 or fewer
,,Total,18
,"BROWN, WI",Less than 18 Years,10 or fewer
,,≥ 18 and < 45 Years,20
,,≥ 45 and < 65 Years,10 or fewer
,,65 Years or more,10 or fewer
,,No value,10 or fewer
,,Total,24
,"SKAGIT, WA",Less than 18 Years,10 or fewer
,,≥ 18 and < 45 Years,14
,,≥ 45 and < 65 Years,10 or fewer
,,65 Years or more,10 or fewer
,,No value,10 or fewer
,,Total,21
,"WOOD, WV",Less than 18 Years,10 or fewer
,,≥ 18 and < 45 Years,11
,,≥ 45 and < 65 Years,10 or fewer
,,65 Years or more,10 or fewer
,,No value,10 or fewer
,,Total,21
,"LA CROSSE, WI",Less than 18 Years,10 or fewer
,,≥ 18 and < 45 Years,10 or fewer
,,≥ 45 and < 65 Years,10 or fewer
,,65 Years or more,10 or fewer
,,No value,10 or fewer
,,Total,10 or fewer
,"MERCER, WV",Less than 18 Years,10 or fewer
,,≥ 18 and < 45 Years,10 or fewer
,,≥ 45 and < 65 Years,10 or fewer
,,65 Years or more,10 or fewer
,,No value,10 or fewer
,,Total,14
,"HARRISON, WV",Less than 18 Years,10 or fewer
,,≥ 18 and < 45 Years,10 or fewer
,,≥ 45 and < 65 Years,10 or fewer
,,65 Years or more,10 or fewer
,,No value,10 or fewer
,,Total,10 or fewer
,"OHIO, WV",Less than 18 Years,10 or fewer
,,≥ 18 and < 45 Years,10 or fewer
,,≥ 45 and < 65 Years,10 or fewer
,,65 Years or more,10 or fewer
,,No value,10 or fewer
,,Total,11
,"PIERCE, WA",Less than 18 Years,10 or fewer
,,≥ 18 and < 45 Years,10 or fewer
,,≥ 45 and < 65 Years,10 or fewer
,,65 Years or more,10 or fewer
,,No value,10 or fewer
,,Total,13
,"MONONGALIA, WV",Less than 18 Years,10 or fewer
,,≥ 18 and < 45 Years,10 or fewer
,,≥ 45 and < 65 Years,10 or fewer
,,65 Years or more,10 or fewer
,,No value,10 or fewer
,,Total,10 or fewer
,"LARAMIE, WY",Less than 18 Years,10 or fewer
,,≥ 18 and < 45 Years,10 or fewer
,,≥ 45 and < 65 Years,10 or fewer
,,65 Years or more,10 or fewer
,,No value,10 or fewer
,,Total,16
,"MARION, WV",Less than 18 Years,10 or fewer
,,≥ 18 and < 45 Years,10 or fewer
,,≥ 45 and < 65 Years,10 or fewer
,,65 Years or more,10 or fewer
,,No value,10 or fewer
,,Total,10 or fewer
,"WAUKESHA, WI",Less than 18 Years,10 or fewer
,,≥ 18 and < 45 Years,10 or fewer
,,≥ 45 and < 65 Years,10 or fewer
,,65 Years or more,10 or fewer
,,No value,10 or fewer
,,Total,10 or fewer
,"KANAWHA, WV",Less than 18 Years,10 or fewer
,,≥ 18 and < 45 Years,11
,,≥ 45 and < 65 Years,10 or fewer
,,65 Years or more,10 or fewer
,,No value,10 or fewer
,,Total,17
,"WALWORTH, WI",Less than 18 Years,10 or fewer
,,≥ 18 and < 45 Years,10 or fewer
,,≥ 45 and < 65 Years,10 or fewer
,,65 Years or more,10 or fewer
,,No value,10 or fewer
,,Total,10 or fewer
,"KENOSHA, WI",Less than 18 Years,10 or fewer
,,≥ 18 and < 45 Years,10 or fewer
,,≥ 45 and < 65 Years,10 or fewer
,,65 Years or more,10 or fewer
,,No value,10 or fewer
,,Total,10 or fewer
,"RACINE, WI",Less than 18 Years,10 or fewer
,,≥ 18 and < 45 Years,10 or fewer
,,≥ 45 and < 65 Years,10 or fewer
,,65 Years or more,10 or fewer
,,No value,10 or fewer
,,Total,10 or fewer
,"ROCK, WI",Less than 18 Years,10 or fewer
,,≥ 18 and < 45 Years,10 or fewer
,,≥ 45 and < 65 Years,10 or fewer
,,65 Years or more,10 or fewer
,,No value,10 or fewer
,,Total,12
,"JEFFERSON, WV",Less than 18 Years,10 or fewer
,,≥ 18 and < 45 Years,10 or fewer
,,≥ 45 and < 65 Years,10 or fewer
,,65 Years or more,10 or fewer
,,No value,10 or fewer
,,Total,10 or fewer
,"DOUGLAS, WI",Less than 18 Years,10 or fewer
,,≥ 18 and < 45 Years,10 or fewer
,,≥ 45 and < 65 Years,10 or fewer
,,65 Years or more,10 or fewer
,,No value,10 or fewer
,,Total,10 or fewer
,"SHEBOYGAN, WI",Less than 18 Years,10 or fewer
,,≥ 18 and < 45 Years,10 or fewer
,,≥ 45 and < 65 Years,10 or fewer
,,65 Years or more,10 or fewer
,,No value,10 or fewer
,,Total,10 or fewer
,"MANITOWOC, WI",Less than 18 Years,10 or fewer
,,≥ 18 and < 45 Years,10 or fewer
,,≥ 45 and < 65 Years,10 or fewer
,,65 Years or more,10 or fewer
,,No value,10 or fewer
,,Total,10 or fewer
,"WINNEBAGO, WI",Less than 18 Years,10 or fewer
,,≥ 18 and < 45 Years,10 or fewer
,,≥ 45 and < 65 Years,10 or fewer
,,65 Years or more,10 or fewer
,,No value,10 or fewer
,,Total,10 or fewer
,"COWLITZ, WA",Less than 18 Years,10 or fewer
,,≥ 18 and < 45 Years,10 or fewer
,,≥ 45 and < 65 Years,10 or fewer
,,65 Years or more,10 or fewer
,,No value,10 or fewer
,,Total,10 or fewer
,"CHELAN, WA",Less than 18 Years,10 or fewer
,,≥ 18 and < 45 Years,10 or fewer
,,≥ 45 and < 65 Years,10 or fewer
,,65 Years or more,10 or fewer
,,No value,10 or fewer
,,Total,10 or fewer
,"MARSHALL, WV",Less than 18 Years,10 or fewer
,,≥ 18 and < 45 Years,10 or fewer
,,≥ 45 and < 65 Years,10 or fewer
,,65 Years or more,10 or fewer
,,No value,10 or fewer
,,Total,10 or fewer
,"WASHINGTON, WI",Less than 18 Years,10 or fewer
,,≥ 18 and < 45 Years,10 or fewer
,,≥ 45 and < 65 Years,10 or fewer
,,65 Years or more,10 or fewer
,,No value,10 or fewer
,,Total,10 or fewer
,"DOUGLAS, WA",Less than 18 Years,10 or fewer
,,≥ 18 and < 45 Years,10 or fewer
,,≥ 45 and < 65 Years,10 or fewer
,,65 Years or more,10 or fewer
,,No value,10 or fewer
,,Total,10 or fewer
,"HAMPSHIRE, WV",Less than 18 Years,10 or fewer
,,≥ 18 and < 45 Years,10 or fewer
,,≥ 45 and < 65 Years,10 or fewer
,,65 Years or more,10 or fewer
,,No value,10 or fewer
,,Total,10 or fewer
,"OZAUKEE, WI",Less than 18 Years,10 or fewer
,,≥ 18 and < 45 Years,10 or fewer
,,≥ 45 and < 65 Years,10 or fewer
,,65 Years or more,10 or fewer
,,No value,10 or fewer
,,Total,10 or fewer
,"BRAXTON, WV",Less than 18 Years,10 or fewer
,,≥ 18 and < 45 Years,10 or fewer
,,≥ 45 and < 65 Years,10 or fewer
,,65 Years or more,10 or fewer
,,No value,10 or fewer
,,Total,10 or fewer
,"ISLAND, WA",Less than 18 Years,10 or fewer
,,≥ 18 and < 45 Years,10 or fewer
,,≥ 45 and < 65 Years,10 or fewer
,,65 Years or more,10 or fewer
,,No value,10 or fewer
,,Total,10 or fewer
,"UPSHUR, WV",Less than 18 Years,10 or fewer
,,≥ 18 and < 45 Years,10 or fewer
,,≥ 45 and < 65 Years,10 or fewer
,,65 Years or more,10 or fewer
,,No value,10 or fewer
,,Total,10 or fewer
,"MARINETTE, WI",Less than 18 Years,10 or fewer
,,≥ 18 and < 45 Years,10 or fewer
,,≥ 45 and < 65 Years,10 or fewer
,,65 Years or more,10 or fewer
,,No value,10 or fewer
,,Total,10 or fewer
,"MINERAL, WV",Less than 18 Years,10 or fewer
,,≥ 18 and < 45 Years,10 or fewer
,,≥ 45 and < 65 Years,10 or fewer
,,65 Years or more,10 or fewer
,,No value,10 or fewer
,,Total,10 or fewer
,"ADAMS, WI",Less than 18 Years,10 or fewer
,,≥ 18 and < 45 Years,10 or fewer
,,≥ 45 and < 65 Years,10 or fewer
,,65 Years or more,10 or fewer
,,No value,10 or fewer
,,Total,10 or fewer
,"NICHOLAS, WV",Less than 18 Years,10 or fewer
,,≥ 18 and < 45 Years,10 or fewer
,,≥ 45 and < 65 Years,10 or fewer
,,65 Years or more,10 or fewer
,,No value,10 or fewer
,,Total,10 or fewer
,"RITCHIE, WV",Less than 18 Years,10 or fewer
,,≥ 18 and < 45 Years,10 or fewer
,,≥ 45 and < 65 Years,10 or fewer
,,65 Years or more,10 or fewer
,,No value,10 or fewer
,,Total,10 or fewer
,"JEFFERSON, WI",Less than 18 Years,10 or fewer
,,≥ 18 and < 45 Years,10 or fewer
,,≥ 45 and < 65 Years,10 or fewer
,,65 Years or more,10 or fewer
,,No value,10 or fewer
,,Total,10 or fewer
,"COLUMBIA, WI",Less than 18 Years,10 or fewer
,,≥ 18 and < 45 Years,10 or fewer
,,≥ 45 and < 65 Years,10 or fewer
,,65 Years or more,10 or fewer
,,No value,10 or fewer
,,Total,10 or fewer
,"EAU CLAIRE, WI",Less than 18 Years,10 or fewer
,,≥ 18 and < 45 Years,10 or fewer
,,≥ 45 and < 65 Years,10 or fewer
,,65 Years or more,10 or fewer
,,No value,10 or fewer
,,Total,10 or fewer
,"PRESTON, WV",Less than 18 Years,10 or fewer
,,≥ 18 and < 45 Years,10 or fewer
,,≥ 45 and < 65 Years,10 or fewer
,,65 Years or more,10 or fewer
,,No value,10 or fewer
,,Total,10 or fewer
,"THURSTON, WA",Less than 18 Years,10 or fewer
,,≥ 18 and < 45 Years,10 or fewer
,,≥ 45 and < 65 Years,10 or fewer
,,65 Years or more,10 or fewer
,,No value,10 or fewer
,,Total,10 or fewer
,"WHATCOM, WA",Less than 18 Years,10 or fewer
,,≥ 18 and < 45 Years,10 or fewer
,,≥ 45 and < 65 Years,10 or fewer
,,65 Years or more,10 or fewer
,,No value,10 or fewer
,,Total,10 or fewer
,"ALBANY, WY",Less than 18 Years,10 or fewer
,,≥ 18 and < 45 Years,10 or fewer
,,≥ 45 and < 65 Years,10 or fewer
,,65 Years or more,10 or fewer
,,No value,10 or fewer
,,Total,10 or fewer
,"MORGAN, WV",Less than 18 Years,10 or fewer
,,≥ 18 and < 45 Years,10 or fewer
,,≥ 45 and < 65 Years,10 or fewer
,,65 Years or more,10 or fewer
,,No value,10 or fewer
,,Total,10 or fewer
,"OUTAGAMIE, WI",Less than 18 Years,10 or fewer
,,≥ 18 and < 45 Years,10 or fewer
,,≥ 45 and < 65 Years,10 or fewer
,,65 Years or more,10 or fewer
,,No value,10 or fewer
,,Total,10 or fewer
,"CHIPPEWA, WI",Less than 18 Years,10 or fewer
,,≥ 18 and < 45 Years,10 or fewer
,,≥ 45 and < 65 Years,10 or fewer
,,65 Years or more,10 or fewer
,,No value,10 or fewer
,,Total,10 or fewer
,"FOND DU LAC, WI",Less than 18 Years,10 or fewer
,,≥ 18 and < 45 Years,10 or fewer
,,≥ 45 and < 65 Years,10 or fewer
,,65 Years or more,10 or fewer
,,No value,10 or fewer
,,Total,10 or fewer
,"MONROE, WI",Less than 18 Years,10 or fewer
,,≥ 18 and < 45 Years,10 or fewer
,,≥ 45 and < 65 Years,10 or fewer
,,65 Years or more,10 or fewer
,,No value,10 or fewer
,,Total,10 or fewer
,"WETZEL, WV",Less than 18 Years,10 or fewer
,,≥ 18 and < 45 Years,10 or fewer
,,≥ 45 and < 65 Years,10 or fewer
,,65 Years or more,10 or fewer
,,No value,10 or fewer
,,Total,10 or fewer
,"YAKIMA, WA",Less than 18 Years,10 or fewer
,,≥ 18 and < 45 Years,10 or fewer
,,≥ 45 and < 65 Years,10 or fewer
,,65 Years or more,10 or fewer
,,No value,10 or fewer
,,Total,10 or fewer
,"JACKSON, WV",Less than 18 Years,10 or fewer
,,≥ 18 and < 45 Years,10 or fewer
,,≥ 45 and < 65 Years,10 or fewer
,,65 Years or more,10 or fewer
,,No value,10 or fewer
,,Total,10 or fewer
,"KITSAP, WA",Less than 18 Years,10 or fewer
,,≥ 18 and < 45 Years,10 or fewer
,,≥ 45 and < 65 Years,10 or fewer
,,65 Years or more,10 or fewer
,,No value,10 or fewer
,,Total,10 or fewer
,"OCONTO, WI",Less than 18 Years,10 or fewer
,,≥ 18 and < 45 Years,10 or fewer
,,≥ 45 and < 65 Years,10 or fewer
,,65 Years or more,10 or fewer
,,No value,10 or fewer
,,Total,10 or fewer
,"VERNON, WI",Less than 18 Years,10 or fewer
,,≥ 18 and < 45 Years,10 or fewer
,,≥ 45 and < 65 Years,10 or fewer
,,65 Years or more,10 or fewer
,,No value,10 or fewer
,,Total,10 or fewer
,"DODGE, WI",Less than 18 Years,10 or fewer
,,≥ 18 and < 45 Years,10 or fewer
,,≥ 45 and < 65 Years,10 or fewer
,,65 Years or more,10 or fewer
,,No value,10 or fewer
,,Total,10 or fewer
,"GRANT, WV",Less than 18 Years,10 or fewer
,,≥ 18 and < 45 Years,10 or fewer
,,≥ 45 and < 65 Years,10 or fewer
,,65 Years or more,10 or fewer
,,No value,10 or fewer
,,Total,10 or fewer
,"MCDOWELL, WV",Less than 18 Years,10 or fewer
,,≥ 18 and < 45 Years,10 or fewer
,,≥ 45 and < 65 Years,10 or fewer
,,65 Years or more,10 or fewer
,,No value,10 or fewer
,,Total,10 or fewer
,"TREMPEALEAU, WI",Less than 18 Years,10 or fewer
,,≥ 18 and < 45 Years,10 or fewer
,,≥ 45 and < 65 Years,10 or fewer
,,65 Years or more,10 or fewer
,,No value,10 or fewer
,,Total,10 or fewer
,"BROOKE, WV",Less than 18 Years,10 or fewer
,,≥ 18 and < 45 Years,10 or fewer
,,≥ 45 and < 65 Years,10 or fewer
,,65 Years or more,10 or fewer
,,No value,10 or fewer
,,Total,10 or fewer
,"GREEN, WI",Less than 18 Years,10 or fewer
,,≥ 18 and < 45 Years,10 or fewer
,,≥ 45 and < 65 Years,10 or fewer
,,65 Years or more,10 or fewer
,,No value,10 or fewer
,,Total,10 or fewer
,"KEWAUNEE, WI",Less than 18 Years,10 or fewer
,,≥ 18 and < 45 Years,10 or fewer
,,≥ 45 and < 65 Years,10 or fewer
,,65 Years or more,10 or fewer
,,No value,10 or fewer
,,Total,10 or fewer
,"MASON, WA",Less than 18 Years,10 or fewer
,,≥ 18 and < 45 Years,10 or fewer
,,≥ 45 and < 65 Years,10 or fewer
,,65 Years or more,10 or fewer
,,No value,10 or fewer
,,Total,10 or fewer
,"PLEASANTS, WV",Less than 18 Years,10 or fewer
,,≥ 18 and < 45 Years,10 or fewer
,,≥ 45 and < 65 Years,10 or fewer
,,65 Years or more,10 or fewer
,,No value,10 or fewer
,,Total,10 or fewer
,"RALEIGH, WV",Less than 18 Years,10 or fewer
,,≥ 18 and < 45 Years,10 or fewer
,,≥ 45 and < 65 Years,10 or fewer
,,65 Years or more,10 or fewer
,,No value,10 or fewer
,,Total,10 or fewer
,"SAUK, WI",Less than 18 Years,10 or fewer
,,≥ 18 and < 45 Years,10 or fewer
,,≥ 45 and < 65 Years,10 or fewer
,,65 Years or more,10 or fewer
,,No value,10 or fewer
,,Total,10 or fewer
,"DODDRIDGE, WV",Less than 18 Years,10 or fewer
,,≥ 18 and < 45 Years,10 or fewer
,,≥ 45 and < 65 Years,10 or fewer
,,65 Years or more,10 or fewer
,,No value,10 or fewer
,,Total,10 or fewer
,"HARDY, WV",Less than 18 Years,10 or fewer
,,≥ 18 and < 45 Years,10 or fewer
,,≥ 45 and < 65 Years,10 or fewer
,,65 Years or more,10 or fewer
,,No value,10 or fewer
,,Total,10 or fewer
,"JUNEAU, WI",Less than 18 Years,10 or fewer
,,≥ 18 and < 45 Years,10 or fewer
,,≥ 45 and < 65 Years,10 or fewer
,,65 Years or more,10 or fewer
,,No value,10 or fewer
,,Total,10 or fewer
,"LEWIS, WV",Less than 18 Years,10 or fewer
,,≥ 18 and < 45 Years,10 or fewer
,,≥ 45 and < 65 Years,10 or fewer
,,65 Years or more,10 or fewer
,,No value,10 or fewer
,,Total,10 or fewer
,"LINCOLN, WY",Less than 18 Years,10 or fewer
,,≥ 18 and < 45 Years,10 or fewer
,,≥ 45 and < 65 Years,10 or fewer
,,65 Years or more,10 or fewer
,,No value,10 or fewer
,,Total,10 or fewer
,"MARATHON, WI",Less than 18 Years,10 or fewer
,,≥ 18 and < 45 Years,10 or fewer
,,≥ 45 and < 65 Years,10 or fewer
,,65 Years or more,10 or fewer
,,No value,10 or fewer
,,Total,10 or fewer
,"OKANOGAN, WA",Less than 18 Years,10 or fewer
,,≥ 18 and < 45 Years,10 or fewer
,,≥ 45 and < 65 Years,10 or fewer
,,65 Years or more,10 or fewer
,,No value,10 or fewer
,,Total,10 or fewer
,"POLK, WI",Less than 18 Years,10 or fewer
,,≥ 18 and < 45 Years,10 or fewer
,,≥ 45 and < 65 Years,10 or fewer
,,65 Years or more,10 or fewer
,,No value,10 or fewer
,,Total,10 or fewer
,"SAN JUAN, WA",Less than 18 Years,10 or fewer
,,≥ 18 and < 45 Years,10 or fewer
,,≥ 45 and < 65 Years,10 or fewer
,,65 Years or more,10 or fewer
,,No value,10 or fewer
,,Total,10 or fewer
,"SPOKANE, WA",Less than 18 Years,10 or fewer
,,≥ 18 and < 45 Years,10 or fewer
,,≥ 45 and < 65 Years,10 or fewer
,,65 Years or more,10 or fewer
,,No value,10 or fewer
,,Total,10 or fewer
,"WOOD, WI",Less than 18 Years,10 or fewer
,,≥ 18 and < 45 Years,10 or fewer
,,≥ 45 and < 65 Years,10 or fewer
,,65 Years or more,10 or fewer
,,No value,10 or fewer
,,Total,10 or fewer
,"ASHLAND, WI",Less than 18 Years,10 or fewer
,,≥ 18 and < 45 Years,10 or fewer
,,≥ 45 and < 65 Years,10 or fewer
,,65 Years or more,10 or fewer
,,No value,10 or fewer
,,Total,10 or fewer
,"BENTON, WA",Less than 18 Years,10 or fewer
,,≥ 18 and < 45 Years,10 or fewer
,,≥ 45 and < 65 Years,10 or fewer
,,65 Years or more,10 or fewer
,,No value,10 or fewer
,,Total,10 or fewer
,"BURNETT, WI",Less than 18 Years,10 or fewer
,,≥ 18 and < 45 Years,10 or fewer
,,≥ 45 and < 65 Years,10 or fewer
,,65 Years or more,10 or fewer
,,No value,10 or fewer
,,Total,10 or fewer
,"CLARK, WI",Less than 18 Years,10 or fewer
,,≥ 18 and < 45 Years,10 or fewer
,,≥ 45 and < 65 Years,10 or fewer
,,65 Years or more,10 or fewer
,,No value,10 or fewer
,,Total,10 or fewer
,"FAYETTE, WV",Less than 18 Years,10 or fewer
,,≥ 18 and < 45 Years,10 or fewer
,,≥ 45 and < 65 Years,10 or fewer
,,65 Years or more,10 or fewer
,,No value,10 or fewer
,,Total,10 or fewer
,"FOREST, WI",Less than 18 Years,10 or fewer
,,≥ 18 and < 45 Years,10 or fewer
,,≥ 45 and < 65 Years,10 or fewer
,,65 Years or more,10 or fewer
,,No value,10 or fewer
,,Total,10 or fewer
,"GILMER, WV",Less than 18 Years,10 or fewer
,,≥ 18 and < 45 Years,10 or fewer
,,≥ 45 and < 65 Years,10 or fewer
,,65 Years or more,10 or fewer
,,No value,10 or fewer
,,Total,10 or fewer
,"LEWIS, WA",Less than 18 Years,10 or fewer
,,≥ 18 and < 45 Years,10 or fewer
,,≥ 45 and < 65 Years,10 or fewer
,,65 Years or more,10 or fewer
,,No value,10 or fewer
,,Total,10 or fewer
,"NATRONA, WY",Less than 18 Years,10 or fewer
,,≥ 18 and < 45 Years,10 or fewer
,,≥ 45 and < 65 Years,10 or fewer
,,65 Years or more,10 or fewer
,,No value,10 or fewer
,,Total,10 or fewer
,"ONEIDA, WI",Less than 18 Years,10 or fewer
,,≥ 18 and < 45 Years,10 or fewer
,,≥ 45 and < 65 Years,10 or fewer
,,65 Years or more,10 or fewer
,,No value,10 or fewer
,,Total,10 or fewer
,"PACIFIC, WA",Less than 18 Years,10 or fewer
,,≥ 18 and < 45 Years,10 or fewer
,,≥ 45 and < 65 Years,10 or fewer
,,65 Years or more,10 or fewer
,,No value,10 or fewer
,,Total,10 or fewer
,"PORTAGE, WI",Less than 18 Years,10 or fewer
,,≥ 18 and < 45 Years,10 or fewer
,,≥ 45 and < 65 Years,10 or fewer
,,65 Years or more,10 or fewer
,,No value,10 or fewer
,,Total,10 or fewer
,"PUTNAM, WV",Less than 18 Years,10 or fewer
,,≥ 18 and < 45 Years,10 or fewer
,,≥ 45 and < 65 Years,10 or fewer
,,65 Years or more,10 or fewer
,,No value,10 or fewer
,,Total,10 or fewer
,"SAINT CROIX, WI",Less than 18 Years,10 or fewer
,,≥ 18 and < 45 Years,10 or fewer
,,≥ 45 and < 65 Years,10 or fewer
,,65 Years or more,10 or fewer
,,No value,10 or fewer
,,Total,10 or fewer
,"SHAWANO, WI",Less than 18 Years,10 or fewer
,,≥ 18 and < 45 Years,10 or fewer
,,≥ 45 and < 65 Years,10 or fewer
,,65 Years or more,10 or fewer
,,No value,10 or fewer
,,Total,10 or fewer
,"TAYLOR, WV",Less than 18 Years,10 or fewer
,,≥ 18 and < 45 Years,10 or fewer
,,≥ 45 and < 65 Years,10 or fewer
,,65 Years or more,10 or fewer
,,No value,10 or fewer
,,Total,10 or fewer
,"WASHBURN, WI",Less than 18 Years,10 or fewer
,,≥ 18 and < 45 Years,10 or fewer
,,≥ 45 and < 65 Years,10 or fewer
,,65 Years or more,10 or fewer
,,No value,10 or fewer
,,Total,10 or fewer
,"CRAWFORD, WI",Less than 18 Years,10 or fewer
,,≥ 18 and < 45 Years,10 or fewer
,,≥ 45 and < 65 Years,10 or fewer
,,65 Years or more,10 or fewer
,,No value,10 or fewer
,,Total,10 or fewer
,"GRANT, WA",Less than 18 Years,10 or fewer
,,≥ 18 and < 45 Years,10 or fewer
,,≥ 45 and < 65 Years,10 or fewer
,,65 Years or more,10 or fewer
,,No value,10 or fewer
,,Total,10 or fewer
,"GRANT, WI",Less than 18 Years,10 or fewer
,,≥ 18 and < 45 Years,10 or fewer
,,≥ 45 and < 65 Years,10 or fewer
,,65 Years or more,10 or fewer
,,No value,10 or fewer
,,Total,10 or fewer
,"GRAYS HARBOR, WA",Less than 18 Years,10 or fewer
,,≥ 18 and < 45 Years,10 or fewer
,,≥ 45 and < 65 Years,10 or fewer
,,65 Years or more,10 or fewer
,,No value,10 or fewer
,,Total,10 or fewer
,"HANCOCK, WV",Less than 18 Years,10 or fewer
,,≥ 18 and < 45 Years,10 or fewer
,,≥ 45 and < 65 Years,10 or fewer
,,65 Years or more,10 or fewer
,,No value,10 or fewer
,,Total,10 or fewer
,"IRON, WI",Less than 18 Years,10 or fewer
,,≥ 18 and < 45 Years,10 or fewer
,,≥ 45 and < 65 Years,10 or fewer
,,65 Years or more,10 or fewer
,,No value,10 or fewer
,,Total,10 or fewer
,"JACKSON, WI",Less than 18 Years,10 or fewer
,,≥ 18 and < 45 Years,10 or fewer
,,≥ 45 and < 65 Years,10 or fewer
,,65 Years or more,10 or fewer
,,No value,10 or fewer
,,Total,10 or fewer
,"LANGLADE, WI",Less than 18 Years,10 or fewer
,,≥ 18 and < 45 Years,10 or fewer
,,≥ 45 and < 65 Years,10 or fewer
,,65 Years or more,10 or fewer
,,No value,10 or fewer
,,Total,10 or fewer
,"LINCOLN, WV",Less than 18 Years,10 or fewer
,,≥ 18 and < 45 Years,10 or fewer
,,≥ 45 and < 65 Years,10 or fewer
,,65 Years or more,10 or fewer
,,No value,10 or fewer
,,Total,10 or fewer
,"PIERCE, WI",Less than 18 Years,10 or fewer
,,≥ 18 and < 45 Years,10 or fewer
,,≥ 45 and < 65 Years,10 or fewer
,,65 Years or more,10 or fewer
,,No value,10 or fewer
,,Total,10 or fewer
,"RANDOLPH, WV",Less than 18 Years,10 or fewer
,,≥ 18 and < 45 Years,10 or fewer
,,≥ 45 and < 65 Years,10 or fewer
,,65 Years or more,10 or fewer
,,No value,10 or fewer
,,Total,10 or fewer
,"SAWYER, WI",Less than 18 Years,10 or fewer
,,≥ 18 and < 45 Years,10 or fewer
,,≥ 45 and < 65 Years,10 or fewer
,,65 Years or more,10 or fewer
,,No value,10 or fewer
,,Total,10 or fewer
,"TUCKER, WV",Less than 18 Years,10 or fewer
,,≥ 18 and < 45 Years,10 or fewer
,,≥ 45 and < 65 Years,10 or fewer
,,65 Years or more,10 or fewer
,,No value,10 or fewer
,,Total,10 or fewer
,"WAUPACA, WI",Less than 18 Years,10 or fewer
,,≥ 18 and < 45 Years,10 or fewer
,,≥ 45 and < 65 Years,10 or fewer
,,65 Years or more,10 or fewer
,,No value,10 or fewer
,,Total,10 or fewer
,"WAYNE, WV",Less than 18 Years,10 or fewer
,,≥ 18 and < 45 Years,10 or fewer
,,≥ 45 and < 65 Years,10 or fewer
,,65 Years or more,10 or fewer
,,No value,10 or fewer
,,Total,10 or fewer
,"WIRT, WV",Less than 18 Years,10 or fewer
,,≥ 18 and < 45 Years,10 or fewer
,,≥ 45 and < 65 Years,10 or fewer
,,65 Years or more,10 or fewer
,,No value,10 or fewer
,,Total,10 or fewer
,"ASOTIN, WA",Less than 18 Years,10 or fewer
,,≥ 18 and < 45 Years,10 or fewer
,,≥ 45 and < 65 Years,10 or fewer
,,65 Years or more,10 or fewer
,,No value,10 or fewer
,,Total,10 or fewer
,"BARBOUR, WV",Less than 18 Years,10 or fewer
,,≥ 18 and < 45 Years,10 or fewer
,,≥ 45 and < 65 Years,10 or fewer
,,65 Years or more,10 or fewer
,,No value,10 or fewer
,,Total,10 or fewer
,"CALUMET, WI",Less than 18 Years,10 or fewer
,,≥ 18 and < 45 Years,10 or fewer
,,≥ 45 and < 65 Years,10 or fewer
,,65 Years or more,10 or fewer
,,No value,10 or fewer
,,Total,10 or fewer
,"CAMPBELL, WY",Less than 18 Years,10 or fewer
,,≥ 18 and < 45 Years,10 or fewer
,,≥ 45 and < 65 Years,10 or fewer
,,65 Years or more,10 or fewer
,,No value,10 or fewer
,,Total,10 or fewer
,"CARBON, WY",Less than 18 Years,10 or fewer
,,≥ 18 and < 45 Years,10 or fewer
,,≥ 45 and < 65 Years,10 or fewer
,,65 Years or more,10 or fewer
,,No value,10 or fewer
,,Total,10 or fewer
,"CLALLAM, WA",Less than 18 Years,10 or fewer
,,≥ 18 and < 45 Years,10 or fewer
,,≥ 45 and < 65 Years,10 or fewer
,,65 Years or more,10 or fewer
,,No value,10 or fewer
,,Total,10 or fewer
,"CLAY, WV",Less than 18 Years,10 or fewer
,,≥ 18 and < 45 Years,10 or fewer
,,≥ 45 and < 65 Years,10 or fewer
,,65 Years or more,10 or fewer
,,No value,10 or fewer
,,Total,10 or fewer
,"CONVERSE, WY",Less than 18 Years,10 or fewer
,,≥ 18 and < 45 Years,10 or fewer
,,≥ 45 and < 65 Years,10 or fewer
,,65 Years or more,10 or fewer
,,No value,10 or fewer
,,Total,10 or fewer
,"FRANKLIN, WA",Less than 18 Years,10 or fewer
,,≥ 18 and < 45 Years,10 or fewer
,,≥ 45 and < 65 Years,10 or fewer
,,65 Years or more,10 or fewer
,,No value,10 or fewer
,,Total,10 or fewer
,"GOSHEN, WY",Less than 18 Years,10 or fewer
,,≥ 18 and < 45 Years,10 or fewer
,,≥ 45 and < 65 Years,10 or fewer
,,65 Years or more,10 or fewer
,,No value,10 or fewer
,,Total,10 or fewer
,"IOWA, WI",Less than 18 Years,10 or fewer
,,≥ 18 and < 45 Years,10 or fewer
,,≥ 45 and < 65 Years,10 or fewer
,,65 Years or more,10 or fewer
,,No value,10 or fewer
,,Total,10 or fewer
,"JEFFERSON, WA",Less than 18 Years,10 or fewer
,,≥ 18 and < 45 Years,10 or fewer
,,≥ 45 and < 65 Years,10 or fewer
,,65 Years or more,10 or fewer
,,No value,10 or fewer
,,Total,10 or fewer
,"KITTITAS, WA",Less than 18 Years,10 or fewer
,,≥ 18 and < 45 Years,10 or fewer
,,≥ 45 and < 65 Years,10 or fewer
,,65 Years or more,10 or fewer
,,No value,10 or fewer
,,Total,10 or fewer
,"LAFAYETTE, WI",Less than 18 Years,10 or fewer
,,≥ 18 and < 45 Years,10 or fewer
,,≥ 45 and < 65 Years,10 or fewer
,,65 Years or more,10 or fewer
,,No value,10 or fewer
,,Total,10 or fewer
,"LINCOLN, WI",Less than 18 Years,10 or fewer
,,≥ 18 and < 45 Years,10 or fewer
,,≥ 45 and < 65 Years,10 or fewer
,,65 Years or more,10 or fewer
,,No value,10 or fewer
,,Total,10 or fewer
,"LOGAN, WV",Less than 18 Years,10 or fewer
,,≥ 18 and < 45 Years,10 or fewer
,,≥ 45 and < 65 Years,10 or fewer
,,65 Years or more,10 or fewer
,,No value,10 or fewer
,,Total,10 or fewer
,"MENOMINEE, WI",Less than 18 Years,10 or fewer
,,≥ 18 and < 45 Years,10 or fewer
,,≥ 45 and < 65 Years,10 or fewer
,,65 Years or more,10 or fewer
,,No value,10 or fewer
,,Total,10 or fewer
,"MONROE, WV",Less than 18 Years,10 or fewer
,,≥ 18 and < 45 Years,10 or fewer
,,≥ 45 and < 65 Years,10 or fewer
,,65 Years or more,10 or fewer
,,No value,10 or fewer
,,Total,10 or fewer
,"PARK, WY",Less than 18 Years,10 or fewer
,,≥ 18 and < 45 Years,10 or fewer
,,≥ 45 and < 65 Years,10 or fewer
,,65 Years or more,10 or fewer
,,No value,10 or fewer
,,Total,10 or fewer
,"PEND OREILLE, WA",Less than 18 Years,10 or fewer
,,≥ 18 and < 45 Years,10 or fewer
,,≥ 45 and < 65 Years,10 or fewer
,,65 Years or more,10 or fewer
,,No value,10 or fewer
,,Total,10 or fewer
,"PEPIN, WI",Less than 18 Years,10 or fewer
,,≥ 18 and < 45 Years,10 or fewer
,,≥ 45 and < 65 Years,10 or fewer
,,65 Years or more,10 or fewer
,,No value,10 or fewer
,,Total,10 or fewer
,"PLATTE, WY",Less than 18 Years,10 or fewer
,,≥ 18 and < 45 Years,10 or fewer
,,≥ 45 and < 65 Years,10 or fewer
,,65 Years or more,10 or fewer
,,No value,10 or fewer
,,Total,10 or fewer
,"POCAHONTAS, WV",Less than 18 Years,10 or fewer
,,≥ 18 and < 45 Years,10 or fewer
,,≥ 45 and < 65 Years,10 or fewer
,,65 Years or more,10 or fewer
,,No value,10 or fewer
,,Total,10 or fewer
,"ROANE, WV",Less than 18 Years,10 or fewer
,,≥ 18 and < 45 Years,10 or fewer
,,≥ 45 and < 65 Years,10 or fewer
,,65 Years or more,10 or fewer
,,No value,10 or fewer
,,Total,10 or fewer
,"RUSK, WI",Less than 18 Years,10 or fewer
,,≥ 18 and < 45 Years,10 or fewer
,,≥ 45 and < 65 Years,10 or fewer
,,65 Years or more,10 or fewer
,,No value,10 or fewer
,,Total,10 or fewer
,"SKAMANIA, WA",Less than 18 Years,10 or fewer
,,≥ 18 and < 45 Years,10 or fewer
,,≥ 45 and < 65 Years,10 or fewer
,,65 Years or more,10 or fewer
,,No value,10 or fewer
,,Total,10 or fewer
,"STEVENS, WA",Less than 18 Years,10 or fewer
,,≥ 18 and < 45 Years,10 or fewer
,,≥ 45 and < 65 Years,10 or fewer
,,65 Years or more,10 or fewer
,,No value,10 or fewer
,,Total,10 or fewer
,"SUMMERS, WV",Less than 18 Years,10 or fewer
,,≥ 18 and < 45 Years,10 or fewer
,,≥ 45 and < 65 Years,10 or fewer
,,65 Years or more,10 or fewer
,,No value,10 or fewer
,,Total,10 or fewer
,"TYLER, WV",Less than 18 Years,10 or fewer
,,≥ 18 and < 45 Years,10 or fewer
,,≥ 45 and < 65 Years,10 or fewer
,,65 Years or more,10 or fewer
,,No value,10 or fewer
,,Total,10 or fewer
,"WALLA WALLA, WA",Less than 18 Years,10 or fewer
,,≥ 18 and < 45 Years,10 or fewer
,,≥ 45 and < 65 Years,10 or fewer
,,65 Years or more,10 or fewer
,,No value,10 or fewer
,,Total,10 or fewer
,"WASHAKIE, WY",Less than 18 Years,10 or fewer
,,≥ 18 and < 45 Years,10 or fewer
,,≥ 45 and < 65 Years,10 or fewer
,,65 Years or more,10 or fewer
,,No value,10 or fewer
,,Total,10 or fewer
,"WEBSTER, WV",Less than 18 Years,10 or fewer
,,≥ 18 and < 45 Years,10 or fewer
,,≥ 45 and < 65 Years,10 or fewer
,,65 Years or more,10 or fewer
,,No value,10 or fewer
,,Total,10 or fewer
,"WHITMAN, WA",Less than 18 Years,10 or fewer
,,≥ 18 and < 45 Years,10 or fewer
,,≥ 45 and < 65 Years,10 or fewer
,,65 Years or more,10 or fewer
,,No value,10 or fewer
,,Total,10 or fewer
,"WYOMING, WV",Less than 18 Years,10 or fewer
,,≥ 18 and < 45 Years,10 or fewer
,,≥ 45 and < 65 Years,10 or fewer
,,65 Years or more,10 or fewer
,,No value,10 or fewer
,,Total,10 or fewer
,None of the above,Less than 18 Years,10 or fewer
,,≥ 18 and < 45 Years,10 or fewer
,,≥ 45 and < 65 Years,13
,,65 Years or more,10 or fewer
,,No value,10 or fewer
,,Total,27
,Total,Less than 18 Years,11
,,≥ 18 and < 45 Years,456
,,≥ 45 and < 65 Years,209
,,65 Years or more,89
,,No value,10 or fewer
,,Total,765
