Session Title,Drowning in ED by state and BRFSS Age,,
Session ID,2748876,,
Data Model,ED Encounters,,
Population Base,All ED Encounters,,
Population Criteria Filters: These criteria are a summary and do not fully reflect the content of the exported session.,ED Diagnoses: Drowning,,
Session Date Range,1/1/2023 - 7/10/2025 (Based On Arrival Date),,
Measure,Number of ED Encounters,,
Export User,Stephanie Perniciaro,,
Date of Export,8/11/2025,,
,,,
,,,
,,,Number of ED Encounters
Year,State of Residence (U.S.),Age at Time of Visit,
Jan 1 – Dec 31 2023,Ohio,Less than 18 Years,117
,,≥ 18 and < 25 Years,14
,,≥ 25 and < 35 Years,14
,,≥ 35 and < 45 Years,13
,,≥ 45 and < 55 Years,15
,,≥ 55 and < 65 Years,10 or fewer
,,65 Years or more,10 or fewer
,,No value,10 or fewer
,,Total,192
,Texas,Less than 18 Years,386
,,≥ 18 and < 25 Years,18
,,≥ 25 and < 35 Years,21
,,≥ 35 and < 45 Years,16
,,≥ 45 and < 55 Years,10 or fewer
,,≥ 55 and < 65 Years,10 or fewer
,,65 Years or more,14
,,No value,10 or fewer
,,Total,466
,North Carolina,Less than 18 Years,93
,,≥ 18 and < 25 Years,10 or fewer
,,≥ 25 and < 35 Years,12
,,≥ 35 and < 45 Years,10 or fewer
,,≥ 45 and < 55 Years,10 or fewer
,,≥ 55 and < 65 Years,10 or fewer
,,65 Years or more,10 or fewer
,,No value,10 or fewer
,,Total,133
,Florida,Less than 18 Years,402
,,≥ 18 and < 25 Years,23
,,≥ 25 and < 35 Years,20
,,≥ 35 and < 45 Years,17
,,≥ 45 and < 55 Years,10 or fewer
,,≥ 55 and < 65 Years,19
,,65 Years or more,27
,,No value,10 or fewer
,,Total,518
,Mississippi,Less than 18 Years,57
,,≥ 18 and < 25 Years,10 or fewer
,,≥ 25 and < 35 Years,10 or fewer
,,≥ 35 and < 45 Years,10 or fewer
,,≥ 45 and < 55 Years,10 or fewer
,,≥ 55 and < 65 Years,10 or fewer
,,65 Years or more,10 or fewer
,,No value,10 or fewer
,,Total,70
,South Carolina,Less than 18 Years,99
,,≥ 18 and < 25 Years,10 or fewer
,,≥ 25 and < 35 Years,10 or fewer
,,≥ 35 and < 45 Years,10 or fewer
,,≥ 45 and < 55 Years,10 or fewer
,,≥ 55 and < 65 Years,10 or fewer
,,65 Years or more,10 or fewer
,,No value,10 or fewer
,,Total,120
,Louisiana,Less than 18 Years,93
,,≥ 18 and < 25 Years,10 or fewer
,,≥ 25 and < 35 Years,10 or fewer
,,≥ 35 and < 45 Years,10 or fewer
,,≥ 45 and < 55 Years,10 or fewer
,,≥ 55 and < 65 Years,10 or fewer
,,65 Years or more,10 or fewer
,,No value,10 or fewer
,,Total,113
,Pennsylvania,Less than 18 Years,105
,,≥ 18 and < 25 Years,10 or fewer
,,≥ 25 and < 35 Years,10 or fewer
,,≥ 35 and < 45 Years,10 or fewer
,,≥ 45 and < 55 Years,10 or fewer
,,≥ 55 and < 65 Years,10 or fewer
,,65 Years or more,10 or fewer
,,No value,10 or fewer
,,Total,139
,Illinois,Less than 18 Years,77
,,≥ 18 and < 25 Years,10 or fewer
,,≥ 25 and < 35 Years,13
,,≥ 35 and < 45 Years,10 or fewer
,,≥ 45 and < 55 Years,10 or fewer
,,≥ 55 and < 65 Years,10 or fewer
,,65 Years or more,10 or fewer
,,No value,10 or fewer
,,Total,119
,Michigan,Less than 18 Years,68
,,≥ 18 and < 25 Years,10 or fewer
,,≥ 25 and < 35 Years,10 or fewer
,,≥ 35 and < 45 Years,10 or fewer
,,≥ 45 and < 55 Years,10 or fewer
,,≥ 55 and < 65 Years,10 or fewer
,,65 Years or more,10 or fewer
,,No value,10 or fewer
,,Total,93
,Virginia,Less than 18 Years,109
,,≥ 18 and < 25 Years,14
,,≥ 25 and < 35 Years,10 or fewer
,,≥ 35 and < 45 Years,10 or fewer
,,≥ 45 and < 55 Years,10 or fewer
,,≥ 55 and < 65 Years,10 or fewer
,,65 Years or more,10 or fewer
,,No value,10 or fewer
,,Total,155
,California,Less than 18 Years,158
,,≥ 18 and < 25 Years,10 or fewer
,,≥ 25 and < 35 Years,17
,,≥ 35 and < 45 Years,13
,,≥ 45 and < 55 Years,10 or fewer
,,≥ 55 and < 65 Years,10 or fewer
,,65 Years or more,19
,,No value,10 or fewer
,,Total,232
,New York,Less than 18 Years,85
,,≥ 18 and < 25 Years,14
,,≥ 25 and < 35 Years,15
,,≥ 35 and < 45 Years,10 or fewer
,,≥ 45 and < 55 Years,10 or fewer
,,≥ 55 and < 65 Years,10 or fewer
,,65 Years or more,10 or fewer
,,No value,10 or fewer
,,Total,141
,Georgia,Less than 18 Years,173
,,≥ 18 and < 25 Years,10 or fewer
,,≥ 25 and < 35 Years,10 or fewer
,,≥ 35 and < 45 Years,10 or fewer
,,≥ 45 and < 55 Years,10 or fewer
,,≥ 55 and < 65 Years,10 or fewer
,,65 Years or more,10 or fewer
,,No value,10 or fewer
,,Total,201
,Indiana,Less than 18 Years,50
,,≥ 18 and < 25 Years,10 or fewer
,,≥ 25 and < 35 Years,10 or fewer
,,≥ 35 and < 45 Years,10 or fewer
,,≥ 45 and < 55 Years,10 or fewer
,,≥ 55 and < 65 Years,10 or fewer
,,65 Years or more,10 or fewer
,,No value,10 or fewer
,,Total,75
,Colorado,Less than 18 Years,82
,,≥ 18 and < 25 Years,10 or fewer
,,≥ 25 and < 35 Years,10 or fewer
,,≥ 35 and < 45 Years,10 or fewer
,,≥ 45 and < 55 Years,10 or fewer
,,≥ 55 and < 65 Years,10 or fewer
,,65 Years or more,10 or fewer
,,No value,10 or fewer
,,Total,115
,Oklahoma,Less than 18 Years,58
,,≥ 18 and < 25 Years,10 or fewer
,,≥ 25 and < 35 Years,10 or fewer
,,≥ 35 and < 45 Years,10 or fewer
,,≥ 45 and < 55 Years,10 or fewer
,,≥ 55 and < 65 Years,10 or fewer
,,65 Years or more,10 or fewer
,,No value,10 or fewer
,,Total,65
,Tennessee,Less than 18 Years,50
,,≥ 18 and < 25 Years,10 or fewer
,,≥ 25 and < 35 Years,10 or fewer
,,≥ 35 and < 45 Years,10 or fewer
,,≥ 45 and < 55 Years,10 or fewer
,,≥ 55 and < 65 Years,10 or fewer
,,65 Years or more,10 or fewer
,,No value,10 or fewer
,,Total,60
,Wisconsin,Less than 18 Years,46
,,≥ 18 and < 25 Years,10 or fewer
,,≥ 25 and < 35 Years,10 or fewer
,,≥ 35 and < 45 Years,10 or fewer
,,≥ 45 and < 55 Years,10 or fewer
,,≥ 55 and < 65 Years,10 or fewer
,,65 Years or more,10 or fewer
,,No value,10 or fewer
,,Total,61
,Minnesota,Less than 18 Years,45
,,≥ 18 and < 25 Years,10 or fewer
,,≥ 25 and < 35 Years,10 or fewer
,,≥ 35 and < 45 Years,10 or fewer
,,≥ 45 and < 55 Years,10 or fewer
,,≥ 55 and < 65 Years,10 or fewer
,,65 Years or more,10 or fewer
,,No value,10 or fewer
,,Total,57
,Arkansas,Less than 18 Years,47
,,≥ 18 and < 25 Years,10 or fewer
,,≥ 25 and < 35 Years,10 or fewer
,,≥ 35 and < 45 Years,10 or fewer
,,≥ 45 and < 55 Years,10 or fewer
,,≥ 55 and < 65 Years,10 or fewer
,,65 Years or more,10 or fewer
,,No value,10 or fewer
,,Total,63
,Maryland,Less than 18 Years,41
,,≥ 18 and < 25 Years,10 or fewer
,,≥ 25 and < 35 Years,10 or fewer
,,≥ 35 and < 45 Years,10 or fewer
,,≥ 45 and < 55 Years,10 or fewer
,,≥ 55 and < 65 Years,10 or fewer
,,65 Years or more,10 or fewer
,,No value,10 or fewer
,,Total,61
,Connecticut,Less than 18 Years,35
,,≥ 18 and < 25 Years,10 or fewer
,,≥ 25 and < 35 Years,10 or fewer
,,≥ 35 and < 45 Years,10 or fewer
,,≥ 45 and < 55 Years,10 or fewer
,,≥ 55 and < 65 Years,10 or fewer
,,65 Years or more,10 or fewer
,,No value,10 or fewer
,,Total,54
,Kentucky,Less than 18 Years,78
,,≥ 18 and < 25 Years,10 or fewer
,,≥ 25 and < 35 Years,10 or fewer
,,≥ 35 and < 45 Years,10 or fewer
,,≥ 45 and < 55 Years,10 or fewer
,,≥ 55 and < 65 Years,10 or fewer
,,65 Years or more,10 or fewer
,,No value,10 or fewer
,,Total,91
,Arizona,Less than 18 Years,30
,,≥ 18 and < 25 Years,10 or fewer
,,≥ 25 and < 35 Years,10 or fewer
,,≥ 35 and < 45 Years,10 or fewer
,,≥ 45 and < 55 Years,10 or fewer
,,≥ 55 and < 65 Years,10 or fewer
,,65 Years or more,10 or fewer
,,No value,10 or fewer
,,Total,50
,Kansas,Less than 18 Years,10 or fewer
,,≥ 18 and < 25 Years,10 or fewer
,,≥ 25 and < 35 Years,10 or fewer
,,≥ 35 and < 45 Years,10 or fewer
,,≥ 45 and < 55 Years,10 or fewer
,,≥ 55 and < 65 Years,10 or fewer
,,65 Years or more,10 or fewer
,,No value,10 or fewer
,,Total,10 or fewer
,New Jersey,Less than 18 Years,72
,,≥ 18 and < 25 Years,10 or fewer
,,≥ 25 and < 35 Years,10 or fewer
,,≥ 35 and < 45 Years,10 or fewer
,,≥ 45 and < 55 Years,10 or fewer
,,≥ 55 and < 65 Years,10 or fewer
,,65 Years or more,10 or fewer
,,No value,10 or fewer
,,Total,107
,Missouri,Less than 18 Years,14
,,≥ 18 and < 25 Years,10 or fewer
,,≥ 25 and < 35 Years,10 or fewer
,,≥ 35 and < 45 Years,10 or fewer
,,≥ 45 and < 55 Years,10 or fewer
,,≥ 55 and < 65 Years,10 or fewer
,,65 Years or more,10 or fewer
,,No value,10 or fewer
,,Total,19
,Nevada,Less than 18 Years,26
,,≥ 18 and < 25 Years,10 or fewer
,,≥ 25 and < 35 Years,10 or fewer
,,≥ 35 and < 45 Years,10 or fewer
,,≥ 45 and < 55 Years,10 or fewer
,,≥ 55 and < 65 Years,10 or fewer
,,65 Years or more,10 or fewer
,,No value,10 or fewer
,,Total,31
,Massachusetts,Less than 18 Years,34
,,≥ 18 and < 25 Years,10 or fewer
,,≥ 25 and < 35 Years,10 or fewer
,,≥ 35 and < 45 Years,10 or fewer
,,≥ 45 and < 55 Years,10 or fewer
,,≥ 55 and < 65 Years,10 or fewer
,,65 Years or more,10 or fewer
,,No value,10 or fewer
,,Total,55
,Oregon,Less than 18 Years,25
,,≥ 18 and < 25 Years,10 or fewer
,,≥ 25 and < 35 Years,10 or fewer
,,≥ 35 and < 45 Years,10 or fewer
,,≥ 45 and < 55 Years,10 or fewer
,,≥ 55 and < 65 Years,10 or fewer
,,65 Years or more,10 or fewer
,,No value,10 or fewer
,,Total,46
,Nebraska,Less than 18 Years,12
,,≥ 18 and < 25 Years,10 or fewer
,,≥ 25 and < 35 Years,10 or fewer
,,≥ 35 and < 45 Years,10 or fewer
,,≥ 45 and < 55 Years,10 or fewer
,,≥ 55 and < 65 Years,10 or fewer
,,65 Years or more,10 or fewer
,,No value,10 or fewer
,,Total,17
,West Virginia,Less than 18 Years,13
,,≥ 18 and < 25 Years,10 or fewer
,,≥ 25 and < 35 Years,10 or fewer
,,≥ 35 and < 45 Years,10 or fewer
,,≥ 45 and < 55 Years,10 or fewer
,,≥ 55 and < 65 Years,10 or fewer
,,65 Years or more,10 or fewer
,,No value,10 or fewer
,,Total,20
,Alabama,Less than 18 Years,14
,,≥ 18 and < 25 Years,10 or fewer
,,≥ 25 and < 35 Years,10 or fewer
,,≥ 35 and < 45 Years,10 or fewer
,,≥ 45 and < 55 Years,10 or fewer
,,≥ 55 and < 65 Years,10 or fewer
,,65 Years or more,10 or fewer
,,No value,10 or fewer
,,Total,20
,Iowa,Less than 18 Years,36
,,≥ 18 and < 25 Years,10 or fewer
,,≥ 25 and < 35 Years,10 or fewer
,,≥ 35 and < 45 Years,10 or fewer
,,≥ 45 and < 55 Years,10 or fewer
,,≥ 55 and < 65 Years,10 or fewer
,,65 Years or more,10 or fewer
,,No value,10 or fewer
,,Total,44
,Washington,Less than 18 Years,26
,,≥ 18 and < 25 Years,10 or fewer
,,≥ 25 and < 35 Years,10 or fewer
,,≥ 35 and < 45 Years,10 or fewer
,,≥ 45 and < 55 Years,10 or fewer
,,≥ 55 and < 65 Years,10 or fewer
,,65 Years or more,10 or fewer
,,No value,10 or fewer
,,Total,37
,Delaware,Less than 18 Years,12
,,≥ 18 and < 25 Years,10 or fewer
,,≥ 25 and < 35 Years,10 or fewer
,,≥ 35 and < 45 Years,10 or fewer
,,≥ 45 and < 55 Years,10 or fewer
,,≥ 55 and < 65 Years,10 or fewer
,,65 Years or more,10 or fewer
,,No value,10 or fewer
,,Total,19
,Idaho,Less than 18 Years,20
,,≥ 18 and < 25 Years,10 or fewer
,,≥ 25 and < 35 Years,10 or fewer
,,≥ 35 and < 45 Years,10 or fewer
,,≥ 45 and < 55 Years,10 or fewer
,,≥ 55 and < 65 Years,10 or fewer
,,65 Years or more,10 or fewer
,,No value,10 or fewer
,,Total,30
,Hawaii,Less than 18 Years,40
,,≥ 18 and < 25 Years,10 or fewer
,,≥ 25 and < 35 Years,10 or fewer
,,≥ 35 and < 45 Years,10 or fewer
,,≥ 45 and < 55 Years,10 or fewer
,,≥ 55 and < 65 Years,10 or fewer
,,65 Years or more,10 or fewer
,,No value,10 or fewer
,,Total,70
,South Dakota,Less than 18 Years,10 or fewer
,,≥ 18 and < 25 Years,10 or fewer
,,≥ 25 and < 35 Years,10 or fewer
,,≥ 35 and < 45 Years,10 or fewer
,,≥ 45 and < 55 Years,10 or fewer
,,≥ 55 and < 65 Years,10 or fewer
,,65 Years or more,10 or fewer
,,No value,10 or fewer
,,Total,12
,North Dakota,Less than 18 Years,13
,,≥ 18 and < 25 Years,10 or fewer
,,≥ 25 and < 35 Years,10 or fewer
,,≥ 35 and < 45 Years,10 or fewer
,,≥ 45 and < 55 Years,10 or fewer
,,≥ 55 and < 65 Years,10 or fewer
,,65 Years or more,10 or fewer
,,No value,10 or fewer
,,Total,19
,Maine,Less than 18 Years,20
,,≥ 18 and < 25 Years,10 or fewer
,,≥ 25 and < 35 Years,10 or fewer
,,≥ 35 and < 45 Years,10 or fewer
,,≥ 45 and < 55 Years,10 or fewer
,,≥ 55 and < 65 Years,10 or fewer
,,65 Years or more,10 or fewer
,,No value,10 or fewer
,,Total,27
,New Mexico,Less than 18 Years,10 or fewer
,,≥ 18 and < 25 Years,10 or fewer
,,≥ 25 and < 35 Years,10 or fewer
,,≥ 35 and < 45 Years,10 or fewer
,,≥ 45 and < 55 Years,10 or fewer
,,≥ 55 and < 65 Years,10 or fewer
,,65 Years or more,10 or fewer
,,No value,10 or fewer
,,Total,10 or fewer
,Utah,Less than 18 Years,10 or fewer
,,≥ 18 and < 25 Years,10 or fewer
,,≥ 25 and < 35 Years,10 or fewer
,,≥ 35 and < 45 Years,10 or fewer
,,≥ 45 and < 55 Years,10 or fewer
,,≥ 55 and < 65 Years,10 or fewer
,,65 Years or more,10 or fewer
,,No value,10 or fewer
,,Total,10 or fewer
,District of Columbia,Less than 18 Years,10 or fewer
,,≥ 18 and < 25 Years,10 or fewer
,,≥ 25 and < 35 Years,10 or fewer
,,≥ 35 and < 45 Years,10 or fewer
,,≥ 45 and < 55 Years,10 or fewer
,,≥ 55 and < 65 Years,10 or fewer
,,65 Years or more,10 or fewer
,,No value,10 or fewer
,,Total,10 or fewer
,Vermont,Less than 18 Years,10 or fewer
,,≥ 18 and < 25 Years,10 or fewer
,,≥ 25 and < 35 Years,10 or fewer
,,≥ 35 and < 45 Years,10 or fewer
,,≥ 45 and < 55 Years,10 or fewer
,,≥ 55 and < 65 Years,10 or fewer
,,65 Years or more,10 or fewer
,,No value,10 or fewer
,,Total,10 or fewer
,New Hampshire,Less than 18 Years,10 or fewer
,,≥ 18 and < 25 Years,10 or fewer
,,≥ 25 and < 35 Years,10 or fewer
,,≥ 35 and < 45 Years,10 or fewer
,,≥ 45 and < 55 Years,10 or fewer
,,≥ 55 and < 65 Years,10 or fewer
,,65 Years or more,10 or fewer
,,No value,10 or fewer
,,Total,10 or fewer
,Montana,Less than 18 Years,10 or fewer
,,≥ 18 and < 25 Years,10 or fewer
,,≥ 25 and < 35 Years,10 or fewer
,,≥ 35 and < 45 Years,10 or fewer
,,≥ 45 and < 55 Years,10 or fewer
,,≥ 55 and < 65 Years,10 or fewer
,,65 Years or more,10 or fewer
,,No value,10 or fewer
,,Total,10 or fewer
,Wyoming,Less than 18 Years,10 or fewer
,,≥ 18 and < 25 Years,10 or fewer
,,≥ 25 and < 35 Years,10 or fewer
,,≥ 35 and < 45 Years,10 or fewer
,,≥ 45 and < 55 Years,10 or fewer
,,≥ 55 and < 65 Years,10 or fewer
,,65 Years or more,10 or fewer
,,No value,10 or fewer
,,Total,10 or fewer
,Alaska,Less than 18 Years,10 or fewer
,,≥ 18 and < 25 Years,10 or fewer
,,≥ 25 and < 35 Years,10 or fewer
,,≥ 35 and < 45 Years,10 or fewer
,,≥ 45 and < 55 Years,10 or fewer
,,≥ 55 and < 65 Years,10 or fewer
,,65 Years or more,10 or fewer
,,No value,10 or fewer
,,Total,10 or fewer
,Virgin Islands,Less than 18 Years,10 or fewer
,,≥ 18 and < 25 Years,10 or fewer
,,≥ 25 and < 35 Years,10 or fewer
,,≥ 35 and < 45 Years,10 or fewer
,,≥ 45 and < 55 Years,10 or fewer
,,≥ 55 and < 65 Years,10 or fewer
,,65 Years or more,10 or fewer
,,No value,10 or fewer
,,Total,10 or fewer
,Puerto Rico,Less than 18 Years,10 or fewer
,,≥ 18 and < 25 Years,10 or fewer
,,≥ 25 and < 35 Years,10 or fewer
,,≥ 35 and < 45 Years,10 or fewer
,,≥ 45 and < 55 Years,10 or fewer
,,≥ 55 and < 65 Years,10 or fewer
,,65 Years or more,10 or fewer
,,No value,10 or fewer
,,Total,10 or fewer
,Rhode Island,Less than 18 Years,10 or fewer
,,≥ 18 and < 25 Years,10 or fewer
,,≥ 25 and < 35 Years,10 or fewer
,,≥ 35 and < 45 Years,10 or fewer
,,≥ 45 and < 55 Years,10 or fewer
,,≥ 55 and < 65 Years,10 or fewer
,,65 Years or more,10 or fewer
,,No value,10 or fewer
,,Total,10 or fewer
,None of the above,Less than 18 Years,42
,,≥ 18 and < 25 Years,10 or fewer
,,≥ 25 and < 35 Years,11
,,≥ 35 and < 45 Years,10 or fewer
,,≥ 45 and < 55 Years,10 or fewer
,,≥ 55 and < 65 Years,10 or fewer
,,65 Years or more,10 or fewer
,,No value,10 or fewer
,,Total,81
,Total,Less than 18 Years,3043
,,≥ 18 and < 25 Years,233
,,≥ 25 and < 35 Years,244
,,≥ 35 and < 45 Years,173
,,≥ 45 and < 55 Years,132
,,≥ 55 and < 65 Years,130
,,65 Years or more,204
,,No value,10 or fewer
,,Total,4159
Jan 1 – Dec 31 2024,Ohio,Less than 18 Years,156
,,≥ 18 and < 25 Years,14
,,≥ 25 and < 35 Years,16
,,≥ 35 and < 45 Years,17
,,≥ 45 and < 55 Years,15
,,≥ 55 and < 65 Years,10 or fewer
,,65 Years or more,15
,,No value,10 or fewer
,,Total,242
,Texas,Less than 18 Years,408
,,≥ 18 and < 25 Years,25
,,≥ 25 and < 35 Years,21
,,≥ 35 and < 45 Years,13
,,≥ 45 and < 55 Years,11
,,≥ 55 and < 65 Years,10 or fewer
,,65 Years or more,10 or fewer
,,No value,10 or fewer
,,Total,490
,North Carolina,Less than 18 Years,132
,,≥ 18 and < 25 Years,10 or fewer
,,≥ 25 and < 35 Years,10 or fewer
,,≥ 35 and < 45 Years,10 or fewer
,,≥ 45 and < 55 Years,10 or fewer
,,≥ 55 and < 65 Years,10 or fewer
,,65 Years or more,10 or fewer
,,No value,10 or fewer
,,Total,173
,Florida,Less than 18 Years,377
,,≥ 18 and < 25 Years,20
,,≥ 25 and < 35 Years,14
,,≥ 35 and < 45 Years,24
,,≥ 45 and < 55 Years,18
,,≥ 55 and < 65 Years,24
,,65 Years or more,35
,,No value,10 or fewer
,,Total,512
,Mississippi,Less than 18 Years,52
,,≥ 18 and < 25 Years,10 or fewer
,,≥ 25 and < 35 Years,10 or fewer
,,≥ 35 and < 45 Years,10 or fewer
,,≥ 45 and < 55 Years,10 or fewer
,,≥ 55 and < 65 Years,10 or fewer
,,65 Years or more,10 or fewer
,,No value,10 or fewer
,,Total,67
,South Carolina,Less than 18 Years,117
,,≥ 18 and < 25 Years,10 or fewer
,,≥ 25 and < 35 Years,12
,,≥ 35 and < 45 Years,10 or fewer
,,≥ 45 and < 55 Years,10 or fewer
,,≥ 55 and < 65 Years,10 or fewer
,,65 Years or more,10 or fewer
,,No value,10 or fewer
,,Total,154
,Louisiana,Less than 18 Years,95
,,≥ 18 and < 25 Years,10 or fewer
,,≥ 25 and < 35 Years,10 or fewer
,,≥ 35 and < 45 Years,10 or fewer
,,≥ 45 and < 55 Years,10 or fewer
,,≥ 55 and < 65 Years,10 or fewer
,,65 Years or more,10 or fewer
,,No value,10 or fewer
,,Total,123
,Pennsylvania,Less than 18 Years,98
,,≥ 18 and < 25 Years,10 or fewer
,,≥ 25 and < 35 Years,10 or fewer
,,≥ 35 and < 45 Years,14
,,≥ 45 and < 55 Years,10 or fewer
,,≥ 55 and < 65 Years,10 or fewer
,,65 Years or more,10 or fewer
,,No value,10 or fewer
,,Total,140
,Illinois,Less than 18 Years,98
,,≥ 18 and < 25 Years,10 or fewer
,,≥ 25 and < 35 Years,10 or fewer
,,≥ 35 and < 45 Years,10 or fewer
,,≥ 45 and < 55 Years,10 or fewer
,,≥ 55 and < 65 Years,10 or fewer
,,65 Years or more,10 or fewer
,,No value,10 or fewer
,,Total,133
,Michigan,Less than 18 Years,84
,,≥ 18 and < 25 Years,10 or fewer
,,≥ 25 and < 35 Years,10 or fewer
,,≥ 35 and < 45 Years,10 or fewer
,,≥ 45 and < 55 Years,10 or fewer
,,≥ 55 and < 65 Years,10 or fewer
,,65 Years or more,10 or fewer
,,No value,10 or fewer
,,Total,117
,Virginia,Less than 18 Years,119
,,≥ 18 and < 25 Years,17
,,≥ 25 and < 35 Years,10 or fewer
,,≥ 35 and < 45 Years,14
,,≥ 45 and < 55 Years,10 or fewer
,,≥ 55 and < 65 Years,10 or fewer
,,65 Years or more,17
,,No value,10 or fewer
,,Total,185
,California,Less than 18 Years,169
,,≥ 18 and < 25 Years,17
,,≥ 25 and < 35 Years,14
,,≥ 35 and < 45 Years,11
,,≥ 45 and < 55 Years,17
,,≥ 55 and < 65 Years,16
,,65 Years or more,18
,,No value,10 or fewer
,,Total,262
,New York,Less than 18 Years,100
,,≥ 18 and < 25 Years,15
,,≥ 25 and < 35 Years,10 or fewer
,,≥ 35 and < 45 Years,10 or fewer
,,≥ 45 and < 55 Years,10 or fewer
,,≥ 55 and < 65 Years,10 or fewer
,,65 Years or more,10 or fewer
,,No value,10 or fewer
,,Total,148
,Georgia,Less than 18 Years,201
,,≥ 18 and < 25 Years,10 or fewer
,,≥ 25 and < 35 Years,10 or fewer
,,≥ 35 and < 45 Years,10 or fewer
,,≥ 45 and < 55 Years,10 or fewer
,,≥ 55 and < 65 Years,10 or fewer
,,65 Years or more,10 or fewer
,,No value,10 or fewer
,,Total,228
,Indiana,Less than 18 Years,60
,,≥ 18 and < 25 Years,10 or fewer
,,≥ 25 and < 35 Years,10 or fewer
,,≥ 35 and < 45 Years,10 or fewer
,,≥ 45 and < 55 Years,10 or fewer
,,≥ 55 and < 65 Years,10 or fewer
,,65 Years or more,10 or fewer
,,No value,10 or fewer
,,Total,76
,Colorado,Less than 18 Years,79
,,≥ 18 and < 25 Years,11
,,≥ 25 and < 35 Years,10 or fewer
,,≥ 35 and < 45 Years,10 or fewer
,,≥ 45 and < 55 Years,10 or fewer
,,≥ 55 and < 65 Years,10 or fewer
,,65 Years or more,10 or fewer
,,No value,10 or fewer
,,Total,110
,Oklahoma,Less than 18 Years,67
,,≥ 18 and < 25 Years,10 or fewer
,,≥ 25 and < 35 Years,10 or fewer
,,≥ 35 and < 45 Years,10 or fewer
,,≥ 45 and < 55 Years,10 or fewer
,,≥ 55 and < 65 Years,10 or fewer
,,65 Years or more,10 or fewer
,,No value,10 or fewer
,,Total,85
,Tennessee,Less than 18 Years,46
,,≥ 18 and < 25 Years,10 or fewer
,,≥ 25 and < 35 Years,10 or fewer
,,≥ 35 and < 45 Years,10 or fewer
,,≥ 45 and < 55 Years,10 or fewer
,,≥ 55 and < 65 Years,10 or fewer
,,65 Years or more,10 or fewer
,,No value,10 or fewer
,,Total,61
,Wisconsin,Less than 18 Years,56
,,≥ 18 and < 25 Years,10 or fewer
,,≥ 25 and < 35 Years,10 or fewer
,,≥ 35 and < 45 Years,10 or fewer
,,≥ 45 and < 55 Years,10 or fewer
,,≥ 55 and < 65 Years,10 or fewer
,,65 Years or more,10 or fewer
,,No value,10 or fewer
,,Total,74
,Minnesota,Less than 18 Years,41
,,≥ 18 and < 25 Years,10 or fewer
,,≥ 25 and < 35 Years,10 or fewer
,,≥ 35 and < 45 Years,10 or fewer
,,≥ 45 and < 55 Years,10 or fewer
,,≥ 55 and < 65 Years,10 or fewer
,,65 Years or more,10 or fewer
,,No value,10 or fewer
,,Total,69
,Arkansas,Less than 18 Years,55
,,≥ 18 and < 25 Years,10 or fewer
,,≥ 25 and < 35 Years,10 or fewer
,,≥ 35 and < 45 Years,10 or fewer
,,≥ 45 and < 55 Years,10 or fewer
,,≥ 55 and < 65 Years,10 or fewer
,,65 Years or more,10 or fewer
,,No value,10 or fewer
,,Total,66
,Maryland,Less than 18 Years,28
,,≥ 18 and < 25 Years,10 or fewer
,,≥ 25 and < 35 Years,10 or fewer
,,≥ 35 and < 45 Years,10 or fewer
,,≥ 45 and < 55 Years,10 or fewer
,,≥ 55 and < 65 Years,10 or fewer
,,65 Years or more,10 or fewer
,,No value,10 or fewer
,,Total,58
,Connecticut,Less than 18 Years,46
,,≥ 18 and < 25 Years,10 or fewer
,,≥ 25 and < 35 Years,10 or fewer
,,≥ 35 and < 45 Years,10 or fewer
,,≥ 45 and < 55 Years,10 or fewer
,,≥ 55 and < 65 Years,10 or fewer
,,65 Years or more,10 or fewer
,,No value,10 or fewer
,,Total,63
,Kentucky,Less than 18 Years,79
,,≥ 18 and < 25 Years,10 or fewer
,,≥ 25 and < 35 Years,10 or fewer
,,≥ 35 and < 45 Years,10 or fewer
,,≥ 45 and < 55 Years,10 or fewer
,,≥ 55 and < 65 Years,10 or fewer
,,65 Years or more,10 or fewer
,,No value,10 or fewer
,,Total,85
,Arizona,Less than 18 Years,25
,,≥ 18 and < 25 Years,10 or fewer
,,≥ 25 and < 35 Years,10 or fewer
,,≥ 35 and < 45 Years,10 or fewer
,,≥ 45 and < 55 Years,10 or fewer
,,≥ 55 and < 65 Years,10 or fewer
,,65 Years or more,10 or fewer
,,No value,10 or fewer
,,Total,46
,Kansas,Less than 18 Years,10 or fewer
,,≥ 18 and < 25 Years,10 or fewer
,,≥ 25 and < 35 Years,10 or fewer
,,≥ 35 and < 45 Years,10 or fewer
,,≥ 45 and < 55 Years,10 or fewer
,,≥ 55 and < 65 Years,10 or fewer
,,65 Years or more,10 or fewer
,,No value,10 or fewer
,,Total,11
,New Jersey,Less than 18 Years,70
,,≥ 18 and < 25 Years,10 or fewer
,,≥ 25 and < 35 Years,10 or fewer
,,≥ 35 and < 45 Years,10 or fewer
,,≥ 45 and < 55 Years,10 or fewer
,,≥ 55 and < 65 Years,10 or fewer
,,65 Years or more,10 or fewer
,,No value,10 or fewer
,,Total,99
,Missouri,Less than 18 Years,20
,,≥ 18 and < 25 Years,10 or fewer
,,≥ 25 and < 35 Years,10 or fewer
,,≥ 35 and < 45 Years,10 or fewer
,,≥ 45 and < 55 Years,10 or fewer
,,≥ 55 and < 65 Years,10 or fewer
,,65 Years or more,10 or fewer
,,No value,10 or fewer
,,Total,25
,Nevada,Less than 18 Years,20
,,≥ 18 and < 25 Years,10 or fewer
,,≥ 25 and < 35 Years,10 or fewer
,,≥ 35 and < 45 Years,10 or fewer
,,≥ 45 and < 55 Years,10 or fewer
,,≥ 55 and < 65 Years,10 or fewer
,,65 Years or more,10 or fewer
,,No value,10 or fewer
,,Total,26
,Massachusetts,Less than 18 Years,52
,,≥ 18 and < 25 Years,10 or fewer
,,≥ 25 and < 35 Years,10 or fewer
,,≥ 35 and < 45 Years,10 or fewer
,,≥ 45 and < 55 Years,10 or fewer
,,≥ 55 and < 65 Years,10 or fewer
,,65 Years or more,10 or fewer
,,No value,10 or fewer
,,Total,79
,Oregon,Less than 18 Years,27
,,≥ 18 and < 25 Years,10 or fewer
,,≥ 25 and < 35 Years,10 or fewer
,,≥ 35 and < 45 Years,10 or fewer
,,≥ 45 and < 55 Years,10 or fewer
,,≥ 55 and < 65 Years,10 or fewer
,,65 Years or more,10 or fewer
,,No value,10 or fewer
,,Total,52
,Nebraska,Less than 18 Years,14
,,≥ 18 and < 25 Years,10 or fewer
,,≥ 25 and < 35 Years,10 or fewer
,,≥ 35 and < 45 Years,10 or fewer
,,≥ 45 and < 55 Years,10 or fewer
,,≥ 55 and < 65 Years,10 or fewer
,,65 Years or more,10 or fewer
,,No value,10 or fewer
,,Total,20
,West Virginia,Less than 18 Years,22
,,≥ 18 and < 25 Years,10 or fewer
,,≥ 25 and < 35 Years,10 or fewer
,,≥ 35 and < 45 Years,10 or fewer
,,≥ 45 and < 55 Years,10 or fewer
,,≥ 55 and < 65 Years,10 or fewer
,,65 Years or more,10 or fewer
,,No value,10 or fewer
,,Total,28
,Alabama,Less than 18 Years,15
,,≥ 18 and < 25 Years,10 or fewer
,,≥ 25 and < 35 Years,10 or fewer
,,≥ 35 and < 45 Years,10 or fewer
,,≥ 45 and < 55 Years,10 or fewer
,,≥ 55 and < 65 Years,10 or fewer
,,65 Years or more,10 or fewer
,,No value,10 or fewer
,,Total,23
,Iowa,Less than 18 Years,37
,,≥ 18 and < 25 Years,10 or fewer
,,≥ 25 and < 35 Years,10 or fewer
,,≥ 35 and < 45 Years,10 or fewer
,,≥ 45 and < 55 Years,10 or fewer
,,≥ 55 and < 65 Years,10 or fewer
,,65 Years or more,10 or fewer
,,No value,10 or fewer
,,Total,47
,Washington,Less than 18 Years,21
,,≥ 18 and < 25 Years,10 or fewer
,,≥ 25 and < 35 Years,10 or fewer
,,≥ 35 and < 45 Years,10 or fewer
,,≥ 45 and < 55 Years,10 or fewer
,,≥ 55 and < 65 Years,10 or fewer
,,65 Years or more,10 or fewer
,,No value,10 or fewer
,,Total,39
,Delaware,Less than 18 Years,11
,,≥ 18 and < 25 Years,10 or fewer
,,≥ 25 and < 35 Years,10 or fewer
,,≥ 35 and < 45 Years,10 or fewer
,,≥ 45 and < 55 Years,10 or fewer
,,≥ 55 and < 65 Years,10 or fewer
,,65 Years or more,10 or fewer
,,No value,10 or fewer
,,Total,14
,Idaho,Less than 18 Years,20
,,≥ 18 and < 25 Years,10 or fewer
,,≥ 25 and < 35 Years,10 or fewer
,,≥ 35 and < 45 Years,10 or fewer
,,≥ 45 and < 55 Years,10 or fewer
,,≥ 55 and < 65 Years,10 or fewer
,,65 Years or more,10 or fewer
,,No value,10 or fewer
,,Total,31
,Hawaii,Less than 18 Years,43
,,≥ 18 and < 25 Years,10 or fewer
,,≥ 25 and < 35 Years,10 or fewer
,,≥ 35 and < 45 Years,10 or fewer
,,≥ 45 and < 55 Years,10 or fewer
,,≥ 55 and < 65 Years,10 or fewer
,,65 Years or more,10 or fewer
,,No value,10 or fewer
,,Total,81
,South Dakota,Less than 18 Years,10 or fewer
,,≥ 18 and < 25 Years,10 or fewer
,,≥ 25 and < 35 Years,10 or fewer
,,≥ 35 and < 45 Years,10 or fewer
,,≥ 45 and < 55 Years,10 or fewer
,,≥ 55 and < 65 Years,10 or fewer
,,65 Years or more,10 or fewer
,,No value,10 or fewer
,,Total,10 or fewer
,North Dakota,Less than 18 Years,14
,,≥ 18 and < 25 Years,10 or fewer
,,≥ 25 and < 35 Years,10 or fewer
,,≥ 35 and < 45 Years,10 or fewer
,,≥ 45 and < 55 Years,10 or fewer
,,≥ 55 and < 65 Years,10 or fewer
,,65 Years or more,10 or fewer
,,No value,10 or fewer
,,Total,22
,Maine,Less than 18 Years,14
,,≥ 18 and < 25 Years,10 or fewer
,,≥ 25 and < 35 Years,10 or fewer
,,≥ 35 and < 45 Years,10 or fewer
,,≥ 45 and < 55 Years,10 or fewer
,,≥ 55 and < 65 Years,10 or fewer
,,65 Years or more,10 or fewer
,,No value,10 or fewer
,,Total,20
,New Mexico,Less than 18 Years,10 or fewer
,,≥ 18 and < 25 Years,10 or fewer
,,≥ 25 and < 35 Years,10 or fewer
,,≥ 35 and < 45 Years,10 or fewer
,,≥ 45 and < 55 Years,10 or fewer
,,≥ 55 and < 65 Years,10 or fewer
,,65 Years or more,10 or fewer
,,No value,10 or fewer
,,Total,10 or fewer
,Utah,Less than 18 Years,10 or fewer
,,≥ 18 and < 25 Years,10 or fewer
,,≥ 25 and < 35 Years,10 or fewer
,,≥ 35 and < 45 Years,10 or fewer
,,≥ 45 and < 55 Years,10 or fewer
,,≥ 55 and < 65 Years,10 or fewer
,,65 Years or more,10 or fewer
,,No value,10 or fewer
,,Total,14
,District of Columbia,Less than 18 Years,10 or fewer
,,≥ 18 and < 25 Years,10 or fewer
,,≥ 25 and < 35 Years,10 or fewer
,,≥ 35 and < 45 Years,10 or fewer
,,≥ 45 and < 55 Years,10 or fewer
,,≥ 55 and < 65 Years,10 or fewer
,,65 Years or more,10 or fewer
,,No value,10 or fewer
,,Total,10 or fewer
,Vermont,Less than 18 Years,10 or fewer
,,≥ 18 and < 25 Years,10 or fewer
,,≥ 25 and < 35 Years,10 or fewer
,,≥ 35 and < 45 Years,10 or fewer
,,≥ 45 and < 55 Years,10 or fewer
,,≥ 55 and < 65 Years,10 or fewer
,,65 Years or more,10 or fewer
,,No value,10 or fewer
,,Total,10 or fewer
,New Hampshire,Less than 18 Years,10 or fewer
,,≥ 18 and < 25 Years,10 or fewer
,,≥ 25 and < 35 Years,10 or fewer
,,≥ 35 and < 45 Years,10 or fewer
,,≥ 45 and < 55 Years,10 or fewer
,,≥ 55 and < 65 Years,10 or fewer
,,65 Years or more,10 or fewer
,,No value,10 or fewer
,,Total,10 or fewer
,Montana,Less than 18 Years,10 or fewer
,,≥ 18 and < 25 Years,10 or fewer
,,≥ 25 and < 35 Years,10 or fewer
,,≥ 35 and < 45 Years,10 or fewer
,,≥ 45 and < 55 Years,10 or fewer
,,≥ 55 and < 65 Years,10 or fewer
,,65 Years or more,10 or fewer
,,No value,10 or fewer
,,Total,11
,Wyoming,Less than 18 Years,10 or fewer
,,≥ 18 and < 25 Years,10 or fewer
,,≥ 25 and < 35 Years,10 or fewer
,,≥ 35 and < 45 Years,10 or fewer
,,≥ 45 and < 55 Years,10 or fewer
,,≥ 55 and < 65 Years,10 or fewer
,,65 Years or more,10 or fewer
,,No value,10 or fewer
,,Total,10 or fewer
,Alaska,Less than 18 Years,10 or fewer
,,≥ 18 and < 25 Years,10 or fewer
,,≥ 25 and < 35 Years,10 or fewer
,,≥ 35 and < 45 Years,10 or fewer
,,≥ 45 and < 55 Years,10 or fewer
,,≥ 55 and < 65 Years,10 or fewer
,,65 Years or more,10 or fewer
,,No value,10 or fewer
,,Total,10 or fewer
,Virgin Islands,Less than 18 Years,10 or fewer
,,≥ 18 and < 25 Years,10 or fewer
,,≥ 25 and < 35 Years,10 or fewer
,,≥ 35 and < 45 Years,10 or fewer
,,≥ 45 and < 55 Years,10 or fewer
,,≥ 55 and < 65 Years,10 or fewer
,,65 Years or more,10 or fewer
,,No value,10 or fewer
,,Total,10 or fewer
,Puerto Rico,Less than 18 Years,10 or fewer
,,≥ 18 and < 25 Years,10 or fewer
,,≥ 25 and < 35 Years,10 or fewer
,,≥ 35 and < 45 Years,10 or fewer
,,≥ 45 and < 55 Years,10 or fewer
,,≥ 55 and < 65 Years,10 or fewer
,,65 Years or more,10 or fewer
,,No value,10 or fewer
,,Total,10 or fewer
,Rhode Island,Less than 18 Years,10 or fewer
,,≥ 18 and < 25 Years,10 or fewer
,,≥ 25 and < 35 Years,10 or fewer
,,≥ 35 and < 45 Years,10 or fewer
,,≥ 45 and < 55 Years,10 or fewer
,,≥ 55 and < 65 Years,10 or fewer
,,65 Years or more,10 or fewer
,,No value,10 or fewer
,,Total,10 or fewer
,None of the above,Less than 18 Years,42
,,≥ 18 and < 25 Years,10 or fewer
,,≥ 25 and < 35 Years,10 or fewer
,,≥ 35 and < 45 Years,10 or fewer
,,≥ 45 and < 55 Years,10 or fewer
,,≥ 55 and < 65 Years,10 or fewer
,,65 Years or more,10 or fewer
,,No value,10 or fewer
,,Total,80
,Total,Less than 18 Years,3289
,,≥ 18 and < 25 Years,254
,,≥ 25 and < 35 Years,229
,,≥ 35 and < 45 Years,206
,,≥ 45 and < 55 Years,182
,,≥ 55 and < 65 Years,135
,,65 Years or more,242
,,No value,10 or fewer
,,Total,4537
Jan 1 – Jul 10 2025,Ohio,Less than 18 Years,98
,,≥ 18 and < 25 Years,12
,,≥ 25 and < 35 Years,10 or fewer
,,≥ 35 and < 45 Years,10 or fewer
,,≥ 45 and < 55 Years,10 or fewer
,,≥ 55 and < 65 Years,10 or fewer
,,65 Years or more,10 or fewer
,,No value,10 or fewer
,,Total,145
,Texas,Less than 18 Years,271
,,≥ 18 and < 25 Years,10 or fewer
,,≥ 25 and < 35 Years,11
,,≥ 35 and < 45 Years,12
,,≥ 45 and < 55 Years,10 or fewer
,,≥ 55 and < 65 Years,10 or fewer
,,65 Years or more,10 or fewer
,,No value,10 or fewer
,,Total,322
,North Carolina,Less than 18 Years,86
,,≥ 18 and < 25 Years,10 or fewer
,,≥ 25 and < 35 Years,10 or fewer
,,≥ 35 and < 45 Years,10 or fewer
,,≥ 45 and < 55 Years,10 or fewer
,,≥ 55 and < 65 Years,10 or fewer
,,65 Years or more,10 or fewer
,,No value,10 or fewer
,,Total,113
,Florida,Less than 18 Years,254
,,≥ 18 and < 25 Years,12
,,≥ 25 and < 35 Years,10 or fewer
,,≥ 35 and < 45 Years,14
,,≥ 45 and < 55 Years,10 or fewer
,,≥ 55 and < 65 Years,10 or fewer
,,65 Years or more,25
,,No value,10 or fewer
,,Total,328
,Mississippi,Less than 18 Years,23
,,≥ 18 and < 25 Years,11
,,≥ 25 and < 35 Years,10 or fewer
,,≥ 35 and < 45 Years,10 or fewer
,,≥ 45 and < 55 Years,10 or fewer
,,≥ 55 and < 65 Years,10 or fewer
,,65 Years or more,10 or fewer
,,No value,10 or fewer
,,Total,40
,South Carolina,Less than 18 Years,70
,,≥ 18 and < 25 Years,10 or fewer
,,≥ 25 and < 35 Years,10 or fewer
,,≥ 35 and < 45 Years,10 or fewer
,,≥ 45 and < 55 Years,10 or fewer
,,≥ 55 and < 65 Years,10 or fewer
,,65 Years or more,10 or fewer
,,No value,10 or fewer
,,Total,91
,Louisiana,Less than 18 Years,55
,,≥ 18 and < 25 Years,10 or fewer
,,≥ 25 and < 35 Years,10 or fewer
,,≥ 35 and < 45 Years,10 or fewer
,,≥ 45 and < 55 Years,10 or fewer
,,≥ 55 and < 65 Years,10 or fewer
,,65 Years or more,10 or fewer
,,No value,10 or fewer
,,Total,67
,Pennsylvania,Less than 18 Years,50
,,≥ 18 and < 25 Years,10 or fewer
,,≥ 25 and < 35 Years,10 or fewer
,,≥ 35 and < 45 Years,10 or fewer
,,≥ 45 and < 55 Years,10 or fewer
,,≥ 55 and < 65 Years,10 or fewer
,,65 Years or more,10 or fewer
,,No value,10 or fewer
,,Total,79
,Illinois,Less than 18 Years,56
,,≥ 18 and < 25 Years,10 or fewer
,,≥ 25 and < 35 Years,10 or fewer
,,≥ 35 and < 45 Years,10 or fewer
,,≥ 45 and < 55 Years,10 or fewer
,,≥ 55 and < 65 Years,10 or fewer
,,65 Years or more,10 or fewer
,,No value,10 or fewer
,,Total,87
,Michigan,Less than 18 Years,56
,,≥ 18 and < 25 Years,10 or fewer
,,≥ 25 and < 35 Years,10 or fewer
,,≥ 35 and < 45 Years,10 or fewer
,,≥ 45 and < 55 Years,10 or fewer
,,≥ 55 and < 65 Years,10 or fewer
,,65 Years or more,10 or fewer
,,No value,10 or fewer
,,Total,79
,Virginia,Less than 18 Years,59
,,≥ 18 and < 25 Years,10 or fewer
,,≥ 25 and < 35 Years,10 or fewer
,,≥ 35 and < 45 Years,12
,,≥ 45 and < 55 Years,10 or fewer
,,≥ 55 and < 65 Years,10 or fewer
,,65 Years or more,10 or fewer
,,No value,10 or fewer
,,Total,95
,California,Less than 18 Years,89
,,≥ 18 and < 25 Years,10 or fewer
,,≥ 25 and < 35 Years,10 or fewer
,,≥ 35 and < 45 Years,10 or fewer
,,≥ 45 and < 55 Years,10 or fewer
,,≥ 55 and < 65 Years,10 or fewer
,,65 Years or more,10 or fewer
,,No value,10 or fewer
,,Total,136
,New York,Less than 18 Years,41
,,≥ 18 and < 25 Years,10 or fewer
,,≥ 25 and < 35 Years,10 or fewer
,,≥ 35 and < 45 Years,10 or fewer
,,≥ 45 and < 55 Years,10 or fewer
,,≥ 55 and < 65 Years,10 or fewer
,,65 Years or more,10 or fewer
,,No value,10 or fewer
,,Total,66
,Georgia,Less than 18 Years,127
,,≥ 18 and < 25 Years,10 or fewer
,,≥ 25 and < 35 Years,10 or fewer
,,≥ 35 and < 45 Years,10 or fewer
,,≥ 45 and < 55 Years,10 or fewer
,,≥ 55 and < 65 Years,10 or fewer
,,65 Years or more,10 or fewer
,,No value,10 or fewer
,,Total,141
,Indiana,Less than 18 Years,32
,,≥ 18 and < 25 Years,10 or fewer
,,≥ 25 and < 35 Years,10 or fewer
,,≥ 35 and < 45 Years,10 or fewer
,,≥ 45 and < 55 Years,10 or fewer
,,≥ 55 and < 65 Years,10 or fewer
,,65 Years or more,10 or fewer
,,No value,10 or fewer
,,Total,44
,Colorado,Less than 18 Years,37
,,≥ 18 and < 25 Years,10 or fewer
,,≥ 25 and < 35 Years,10 or fewer
,,≥ 35 and < 45 Years,10 or fewer
,,≥ 45 and < 55 Years,10 or fewer
,,≥ 55 and < 65 Years,10 or fewer
,,65 Years or more,10 or fewer
,,No value,10 or fewer
,,Total,58
,Oklahoma,Less than 18 Years,37
,,≥ 18 and < 25 Years,10 or fewer
,,≥ 25 and < 35 Years,10 or fewer
,,≥ 35 and < 45 Years,10 or fewer
,,≥ 45 and < 55 Years,10 or fewer
,,≥ 55 and < 65 Years,10 or fewer
,,65 Years or more,10 or fewer
,,No value,10 or fewer
,,Total,41
,Tennessee,Less than 18 Years,37
,,≥ 18 and < 25 Years,10 or fewer
,,≥ 25 and < 35 Years,10 or fewer
,,≥ 35 and < 45 Years,10 or fewer
,,≥ 45 and < 55 Years,10 or fewer
,,≥ 55 and < 65 Years,10 or fewer
,,65 Years or more,10 or fewer
,,No value,10 or fewer
,,Total,47
,Wisconsin,Less than 18 Years,20
,,≥ 18 and < 25 Years,10 or fewer
,,≥ 25 and < 35 Years,10 or fewer
,,≥ 35 and < 45 Years,10 or fewer
,,≥ 45 and < 55 Years,10 or fewer
,,≥ 55 and < 65 Years,10 or fewer
,,65 Years or more,10 or fewer
,,No value,10 or fewer
,,Total,29
,Minnesota,Less than 18 Years,17
,,≥ 18 and < 25 Years,10 or fewer
,,≥ 25 and < 35 Years,10 or fewer
,,≥ 35 and < 45 Years,10 or fewer
,,≥ 45 and < 55 Years,10 or fewer
,,≥ 55 and < 65 Years,10 or fewer
,,65 Years or more,10 or fewer
,,No value,10 or fewer
,,Total,34
,Arkansas,Less than 18 Years,36
,,≥ 18 and < 25 Years,10 or fewer
,,≥ 25 and < 35 Years,10 or fewer
,,≥ 35 and < 45 Years,10 or fewer
,,≥ 45 and < 55 Years,10 or fewer
,,≥ 55 and < 65 Years,10 or fewer
,,65 Years or more,10 or fewer
,,No value,10 or fewer
,,Total,45
,Maryland,Less than 18 Years,32
,,≥ 18 and < 25 Years,10 or fewer
,,≥ 25 and < 35 Years,10 or fewer
,,≥ 35 and < 45 Years,10 or fewer
,,≥ 45 and < 55 Years,10 or fewer
,,≥ 55 and < 65 Years,10 or fewer
,,65 Years or more,10 or fewer
,,No value,10 or fewer
,,Total,44
,Connecticut,Less than 18 Years,20
,,≥ 18 and < 25 Years,10 or fewer
,,≥ 25 and < 35 Years,10 or fewer
,,≥ 35 and < 45 Years,10 or fewer
,,≥ 45 and < 55 Years,10 or fewer
,,≥ 55 and < 65 Years,10 or fewer
,,65 Years or more,10 or fewer
,,No value,10 or fewer
,,Total,30
,Kentucky,Less than 18 Years,42
,,≥ 18 and < 25 Years,10 or fewer
,,≥ 25 and < 35 Years,10 or fewer
,,≥ 35 and < 45 Years,10 or fewer
,,≥ 45 and < 55 Years,10 or fewer
,,≥ 55 and < 65 Years,10 or fewer
,,65 Years or more,10 or fewer
,,No value,10 or fewer
,,Total,54
,Arizona,Less than 18 Years,17
,,≥ 18 and < 25 Years,10 or fewer
,,≥ 25 and < 35 Years,10 or fewer
,,≥ 35 and < 45 Years,10 or fewer
,,≥ 45 and < 55 Years,10 or fewer
,,≥ 55 and < 65 Years,10 or fewer
,,65 Years or more,10 or fewer
,,No value,10 or fewer
,,Total,29
,Kansas,Less than 18 Years,10 or fewer
,,≥ 18 and < 25 Years,10 or fewer
,,≥ 25 and < 35 Years,10 or fewer
,,≥ 35 and < 45 Years,10 or fewer
,,≥ 45 and < 55 Years,10 or fewer
,,≥ 55 and < 65 Years,10 or fewer
,,65 Years or more,10 or fewer
,,No value,10 or fewer
,,Total,13
,New Jersey,Less than 18 Years,33
,,≥ 18 and < 25 Years,10 or fewer
,,≥ 25 and < 35 Years,10 or fewer
,,≥ 35 and < 45 Years,10 or fewer
,,≥ 45 and < 55 Years,10 or fewer
,,≥ 55 and < 65 Years,10 or fewer
,,65 Years or more,10 or fewer
,,No value,10 or fewer
,,Total,45
,Missouri,Less than 18 Years,10 or fewer
,,≥ 18 and < 25 Years,10 or fewer
,,≥ 25 and < 35 Years,10 or fewer
,,≥ 35 and < 45 Years,10 or fewer
,,≥ 45 and < 55 Years,10 or fewer
,,≥ 55 and < 65 Years,10 or fewer
,,65 Years or more,10 or fewer
,,No value,10 or fewer
,,Total,14
,Nevada,Less than 18 Years,10 or fewer
,,≥ 18 and < 25 Years,10 or fewer
,,≥ 25 and < 35 Years,10 or fewer
,,≥ 35 and < 45 Years,10 or fewer
,,≥ 45 and < 55 Years,10 or fewer
,,≥ 55 and < 65 Years,10 or fewer
,,65 Years or more,10 or fewer
,,No value,10 or fewer
,,Total,10 or fewer
,Massachusetts,Less than 18 Years,23
,,≥ 18 and < 25 Years,10 or fewer
,,≥ 25 and < 35 Years,10 or fewer
,,≥ 35 and < 45 Years,10 or fewer
,,≥ 45 and < 55 Years,10 or fewer
,,≥ 55 and < 65 Years,10 or fewer
,,65 Years or more,10 or fewer
,,No value,10 or fewer
,,Total,44
,Oregon,Less than 18 Years,14
,,≥ 18 and < 25 Years,10 or fewer
,,≥ 25 and < 35 Years,10 or fewer
,,≥ 35 and < 45 Years,10 or fewer
,,≥ 45 and < 55 Years,10 or fewer
,,≥ 55 and < 65 Years,10 or fewer
,,65 Years or more,10 or fewer
,,No value,10 or fewer
,,Total,28
,Nebraska,Less than 18 Years,10 or fewer
,,≥ 18 and < 25 Years,10 or fewer
,,≥ 25 and < 35 Years,10 or fewer
,,≥ 35 and < 45 Years,10 or fewer
,,≥ 45 and < 55 Years,10 or fewer
,,≥ 55 and < 65 Years,10 or fewer
,,65 Years or more,10 or fewer
,,No value,10 or fewer
,,Total,10 or fewer
,West Virginia,Less than 18 Years,12
,,≥ 18 and < 25 Years,10 or fewer
,,≥ 25 and < 35 Years,10 or fewer
,,≥ 35 and < 45 Years,10 or fewer
,,≥ 45 and < 55 Years,10 or fewer
,,≥ 55 and < 65 Years,10 or fewer
,,65 Years or more,10 or fewer
,,No value,10 or fewer
,,Total,22
,Alabama,Less than 18 Years,10 or fewer
,,≥ 18 and < 25 Years,10 or fewer
,,≥ 25 and < 35 Years,10 or fewer
,,≥ 35 and < 45 Years,10 or fewer
,,≥ 45 and < 55 Years,10 or fewer
,,≥ 55 and < 65 Years,10 or fewer
,,65 Years or more,10 or fewer
,,No value,10 or fewer
,,Total,12
,Iowa,Less than 18 Years,24
,,≥ 18 and < 25 Years,10 or fewer
,,≥ 25 and < 35 Years,10 or fewer
,,≥ 35 and < 45 Years,10 or fewer
,,≥ 45 and < 55 Years,10 or fewer
,,≥ 55 and < 65 Years,10 or fewer
,,65 Years or more,10 or fewer
,,No value,10 or fewer
,,Total,30
,Washington,Less than 18 Years,18
,,≥ 18 and < 25 Years,10 or fewer
,,≥ 25 and < 35 Years,10 or fewer
,,≥ 35 and < 45 Years,10 or fewer
,,≥ 45 and < 55 Years,10 or fewer
,,≥ 55 and < 65 Years,10 or fewer
,,65 Years or more,10 or fewer
,,No value,10 or fewer
,,Total,23
,Delaware,Less than 18 Years,13
,,≥ 18 and < 25 Years,10 or fewer
,,≥ 25 and < 35 Years,10 or fewer
,,≥ 35 and < 45 Years,10 or fewer
,,≥ 45 and < 55 Years,10 or fewer
,,≥ 55 and < 65 Years,10 or fewer
,,65 Years or more,10 or fewer
,,No value,10 or fewer
,,Total,14
,Idaho,Less than 18 Years,13
,,≥ 18 and < 25 Years,10 or fewer
,,≥ 25 and < 35 Years,10 or fewer
,,≥ 35 and < 45 Years,10 or fewer
,,≥ 45 and < 55 Years,10 or fewer
,,≥ 55 and < 65 Years,10 or fewer
,,65 Years or more,10 or fewer
,,No value,10 or fewer
,,Total,18
,Hawaii,Less than 18 Years,29
,,≥ 18 and < 25 Years,10 or fewer
,,≥ 25 and < 35 Years,10 or fewer
,,≥ 35 and < 45 Years,10 or fewer
,,≥ 45 and < 55 Years,10 or fewer
,,≥ 55 and < 65 Years,10 or fewer
,,65 Years or more,10 or fewer
,,No value,10 or fewer
,,Total,56
,South Dakota,Less than 18 Years,10 or fewer
,,≥ 18 and < 25 Years,10 or fewer
,,≥ 25 and < 35 Years,10 or fewer
,,≥ 35 and < 45 Years,10 or fewer
,,≥ 45 and < 55 Years,10 or fewer
,,≥ 55 and < 65 Years,10 or fewer
,,65 Years or more,10 or fewer
,,No value,10 or fewer
,,Total,10 or fewer
,North Dakota,Less than 18 Years,10 or fewer
,,≥ 18 and < 25 Years,10 or fewer
,,≥ 25 and < 35 Years,10 or fewer
,,≥ 35 and < 45 Years,10 or fewer
,,≥ 45 and < 55 Years,10 or fewer
,,≥ 55 and < 65 Years,10 or fewer
,,65 Years or more,10 or fewer
,,No value,10 or fewer
,,Total,10 or fewer
,Maine,Less than 18 Years,10 or fewer
,,≥ 18 and < 25 Years,10 or fewer
,,≥ 25 and < 35 Years,10 or fewer
,,≥ 35 and < 45 Years,10 or fewer
,,≥ 45 and < 55 Years,10 or fewer
,,≥ 55 and < 65 Years,10 or fewer
,,65 Years or more,10 or fewer
,,No value,10 or fewer
,,Total,10 or fewer
,New Mexico,Less than 18 Years,10 or fewer
,,≥ 18 and < 25 Years,10 or fewer
,,≥ 25 and < 35 Years,10 or fewer
,,≥ 35 and < 45 Years,10 or fewer
,,≥ 45 and < 55 Years,10 or fewer
,,≥ 55 and < 65 Years,10 or fewer
,,65 Years or more,10 or fewer
,,No value,10 or fewer
,,Total,10 or fewer
,Utah,Less than 18 Years,10 or fewer
,,≥ 18 and < 25 Years,10 or fewer
,,≥ 25 and < 35 Years,10 or fewer
,,≥ 35 and < 45 Years,10 or fewer
,,≥ 45 and < 55 Years,10 or fewer
,,≥ 55 and < 65 Years,10 or fewer
,,65 Years or more,10 or fewer
,,No value,10 or fewer
,,Total,10 or fewer
,District of Columbia,Less than 18 Years,10 or fewer
,,≥ 18 and < 25 Years,10 or fewer
,,≥ 25 and < 35 Years,10 or fewer
,,≥ 35 and < 45 Years,10 or fewer
,,≥ 45 and < 55 Years,10 or fewer
,,≥ 55 and < 65 Years,10 or fewer
,,65 Years or more,10 or fewer
,,No value,10 or fewer
,,Total,10 or fewer
,Vermont,Less than 18 Years,10 or fewer
,,≥ 18 and < 25 Years,10 or fewer
,,≥ 25 and < 35 Years,10 or fewer
,,≥ 35 and < 45 Years,10 or fewer
,,≥ 45 and < 55 Years,10 or fewer
,,≥ 55 and < 65 Years,10 or fewer
,,65 Years or more,10 or fewer
,,No value,10 or fewer
,,Total,10 or fewer
,New Hampshire,Less than 18 Years,10 or fewer
,,≥ 18 and < 25 Years,10 or fewer
,,≥ 25 and < 35 Years,10 or fewer
,,≥ 35 and < 45 Years,10 or fewer
,,≥ 45 and < 55 Years,10 or fewer
,,≥ 55 and < 65 Years,10 or fewer
,,65 Years or more,10 or fewer
,,No value,10 or fewer
,,Total,10 or fewer
,Montana,Less than 18 Years,10 or fewer
,,≥ 18 and < 25 Years,10 or fewer
,,≥ 25 and < 35 Years,10 or fewer
,,≥ 35 and < 45 Years,10 or fewer
,,≥ 45 and < 55 Years,10 or fewer
,,≥ 55 and < 65 Years,10 or fewer
,,65 Years or more,10 or fewer
,,No value,10 or fewer
,,Total,10 or fewer
,Wyoming,Less than 18 Years,10 or fewer
,,≥ 18 and < 25 Years,10 or fewer
,,≥ 25 and < 35 Years,10 or fewer
,,≥ 35 and < 45 Years,10 or fewer
,,≥ 45 and < 55 Years,10 or fewer
,,≥ 55 and < 65 Years,10 or fewer
,,65 Years or more,10 or fewer
,,No value,10 or fewer
,,Total,10 or fewer
,Alaska,Less than 18 Years,10 or fewer
,,≥ 18 and < 25 Years,10 or fewer
,,≥ 25 and < 35 Years,10 or fewer
,,≥ 35 and < 45 Years,10 or fewer
,,≥ 45 and < 55 Years,10 or fewer
,,≥ 55 and < 65 Years,10 or fewer
,,65 Years or more,10 or fewer
,,No value,10 or fewer
,,Total,10 or fewer
,Virgin Islands,Less than 18 Years,10 or fewer
,,≥ 18 and < 25 Years,10 or fewer
,,≥ 25 and < 35 Years,10 or fewer
,,≥ 35 and < 45 Years,10 or fewer
,,≥ 45 and < 55 Years,10 or fewer
,,≥ 55 and < 65 Years,10 or fewer
,,65 Years or more,10 or fewer
,,No value,10 or fewer
,,Total,10 or fewer
,Puerto Rico,Less than 18 Years,10 or fewer
,,≥ 18 and < 25 Years,10 or fewer
,,≥ 25 and < 35 Years,10 or fewer
,,≥ 35 and < 45 Years,10 or fewer
,,≥ 45 and < 55 Years,10 or fewer
,,≥ 55 and < 65 Years,10 or fewer
,,65 Years or more,10 or fewer
,,No value,10 or fewer
,,Total,10 or fewer
,Rhode Island,Less than 18 Years,10 or fewer
,,≥ 18 and < 25 Years,10 or fewer
,,≥ 25 and < 35 Years,10 or fewer
,,≥ 35 and < 45 Years,10 or fewer
,,≥ 45 and < 55 Years,10 or fewer
,,≥ 55 and < 65 Years,10 or fewer
,,65 Years or more,10 or fewer
,,No value,10 or fewer
,,Total,10 or fewer
,None of the above,Less than 18 Years,23
,,≥ 18 and < 25 Years,10 or fewer
,,≥ 25 and < 35 Years,10 or fewer
,,≥ 35 and < 45 Years,10 or fewer
,,≥ 45 and < 55 Years,10 or fewer
,,≥ 55 and < 65 Years,10 or fewer
,,65 Years or more,10 or fewer
,,No value,10 or fewer
,,Total,46
,Total,Less than 18 Years,1928
,,≥ 18 and < 25 Years,165
,,≥ 25 and < 35 Years,121
,,≥ 35 and < 45 Years,121
,,≥ 45 and < 55 Years,81
,,≥ 55 and < 65 Years,89
,,65 Years or more,163
,,No value,10 or fewer
,,Total,2668
